date,qobs,qsim_1,qsim_2,qsim_3,qsim_4,qsim_5,qsim_6,qsim_7,qsim_8,qsim_9,qsim_10,qsim_11,qsim_12,qsim_13,qsim_14,qsim_15,qsim_16,qsim_17,qsim_18,qsim_19,qsim_20,qsim_21,qsim_22,qsim_23,qsim_24,qsim_25,qsim_26,qsim_27,qsim_28,qsim_29,qsim_30,qsim_31,qsim_32,qsim_33,qsim_34,qsim_35,qsim_36,qsim_37,qsim_38,qsim_39,qsim_40,qsim_41,qsim_42,qsim_43,qsim_44,qsim_45,qsim_46,qsim_47,qsim_48,qsim_49,qsim_50,qsim_51,qsim_52,qsim_53,qsim_54,qsim_55,qsim_56,qsim_57,qsim_58,qsim_59,qsim_60,qsim_61,qsim_62,qsim_63,qsim_64,qsim_65,qsim_66,qsim_67,qsim_68,qsim_69,qsim_70,qsim_71,qsim_72,qsim_73,qsim_74,qsim_75,qsim_76,qsim_77,qsim_78,qsim_79,qsim_80,qsim_81,qsim_82,qsim_83,qsim_84,qsim_85,qsim_86,qsim_87,qsim_88,qsim_89,qsim_90,qsim_91,qsim_92,qsim_93,qsim_94,qsim_95,qsim_96,qsim_97,qsim_98,qsim_99,qsim_100
1/1/1980,0.2148,0.222,0.156,0.261,0,0.274,0.256,0.295,0.237,0.33,0.33,0,0.245,0,0.303,0.333,0.28,0.259,0.287,0.255,0,0.254,0.244,0.278,0.271,0.254,0.277,0.307,0.221,0.203,0,0.244,0.172,0.236,0.332,0.248,0.317,0.256,0.284,0.189,0.309,0.262,0.253,0.292,0.272,0.234,0.248,0.301,0,0.264,0.188,0.267,0.254,0,0.249,0.269,0.285,0.291,0.264,0.272,0.288,0.264,0.245,0.308,0.235,0.263,0.282,0.303,0.217,0.257,0.27,0.312,0.248,0.3,0.267,0.284,0.284,0.269,0.259,0.295,0.271,0.262,0.352,0.241,0,0.242,0.25,0.28,0.294,0.156,0.265,0.258,0,0.288,0,0.231,0.226,0.268,0.293,0.301,0.237
1/2/1980,0.2059,0.241,0.213,0.246,0,0.266,0.274,0.296,0.225,0.323,0.313,0,0.265,0,0.299,0.322,0.268,0.246,0.28,0.257,0,0.246,0.287,0.329,0.287,0.242,0.272,0.306,0.262,0.24,0,0.241,0.234,0.26,0.445,0.265,0.307,0.247,0.279,0.246,0.3,0.294,0.258,0.365,0.273,0.22,0.251,0.316,0,0.256,0.284,0.31,0.252,0,0.272,0.268,0.284,0.283,0.247,0.27,0.339,0.262,0.255,0.293,0.228,0.236,0.293,0.347,0.244,0.25,0.263,0.312,0.239,0.39,0.247,0.286,0.331,0.272,0.242,0.276,0.277,0.254,0.352,0.255,0,0.264,0.24,0.247,0.289,0.243,0.257,0.264,0,0.287,0,0.261,0.252,0.258,0.297,0.296,0.25
1/3/1980,0.2014,0.237,0.214,0.241,0,0.237,0.269,0.297,0.222,0.319,0.324,0,0.259,0,0.297,0.315,0.257,0.243,0.276,0.253,0,0.245,0.275,0.269,0.271,0.24,0.27,0.297,0.259,0.231,0,0.236,0.233,0.259,0.427,0.26,0.31,0.244,0.274,0.231,0.301,0.28,0.246,0.352,0.271,0.214,0.247,0.315,0,0.253,0.203,0.293,0.252,0,0.265,0.265,0.282,0.277,0.249,0.266,0.338,0.256,0.251,0.294,0.224,0.228,0.292,0.335,0.226,0.243,0.26,0.31,0.238,0.36,0.244,0.282,0.337,0.266,0.242,0.269,0.274,0.253,0.345,0.248,0,0.256,0.234,0.246,0.284,0.23,0.25,0.252,0,0.262,0,0.242,0.242,0.249,0.293,0.296,0.246
1/4/1980,0.2059,0.231,0.166,0.26,0,0.266,0.272,0.3,0.234,0.328,0.327,0,0.252,0,0.303,0.335,0.278,0.258,0.29,0.267,0,0.258,0.267,0.301,0.279,0.252,0.279,0.312,0.233,0.222,0,0.246,0.182,0.248,0.352,0.26,0.318,0.255,0.288,0.216,0.313,0.279,0.258,0.323,0.278,0.229,0.253,0.305,0,0.266,0.23,0.283,0.256,0,0.256,0.274,0.291,0.29,0.261,0.274,0.299,0.269,0.26,0.308,0.237,0.251,0.289,0.318,0.229,0.255,0.271,0.311,0.249,0.343,0.263,0.288,0.302,0.278,0.256,0.285,0.277,0.264,0.357,0.253,0,0.25,0.244,0.272,0.296,0.174,0.262,0.265,0,0.281,0,0.242,0.241,0.268,0.305,0.303,0.244
1/5/1980,0.2104,0.236,0.122,0.302,0,0.297,0.29,0.313,0.258,0.345,0.35,0,0.267,0,0.324,0.374,0.306,0.288,0.324,0.307,0,0.286,0.267,0.326,0.282,0.275,0.306,0.337,0.23,0.224,0,0.268,0.112,0.251,0.189,0.29,0.345,0.276,0.319,0.216,0.36,0.285,0.278,0.251,0.301,0.254,0.276,0.288,0,0.297,0.25,0.247,0.269,0,0.243,0.302,0.324,0.311,0.283,0.292,0.285,0.298,0.317,0.337,0.265,0.28,0.293,0.274,0.233,0.283,0.293,0.313,0.27,0.315,0.292,0.307,0.246,0.301,0.283,0.308,0.282,0.287,0.383,0.276,0,0.252,0.265,0.328,0.322,0.067,0.285,0.288,0,0.302,0,0.235,0.245,0.303,0.348,0.318,0.246
1/6/1980,0.2059,0.247,0.211,0.288,0,0.232,0.277,0.305,0.238,0.313,0.344,0,0.282,0,0.301,0.324,0.264,0.266,0.302,0.295,0,0.283,0.273,0.193,0.255,0.255,0.291,0.291,0.295,0.227,0,0.251,0.169,0.278,0.197,0.31,0.337,0.253,0.3,0.246,0.353,0.283,0.238,0.263,0.286,0.228,0.274,0.297,0,0.28,0.113,0.218,0.269,0,0.246,0.288,0.306,0.277,0.263,0.269,0.391,0.264,0.342,0.316,0.243,0.245,0.299,0.265,0.205,0.262,0.262,0.288,0.244,0.312,0.279,0.291,0.283,0.292,0.261,0.278,0.275,0.268,0.354,0.263,0,0.244,0.255,0.292,0.299,0.098,0.254,0.254,0,0.258,0,0.223,0.252,0.27,0.337,0.301,0.241
1/7/1980,0.1969,0.249,0.297,0.237,0,0.187,0.254,0.286,0.204,0.277,0.298,0,0.28,0,0.264,0.261,0.215,0.223,0.26,0.249,0,0.243,0.282,0.148,0.244,0.221,0.255,0.246,0.335,0.231,0,0.22,0.265,0.283,0.367,0.291,0.295,0.218,0.257,0.276,0.296,0.28,0.204,0.358,0.252,0.186,0.249,0.311,0,0.24,0.084,0.248,0.248,0,0.258,0.25,0.263,0.239,0.224,0.236,0.46,0.219,0.301,0.269,0.203,0.199,0.292,0.308,0.194,0.228,0.223,0.266,0.207,0.359,0.236,0.265,0.348,0.261,0.219,0.244,0.261,0.232,0.317,0.238,0,0.238,0.225,0.224,0.261,0.225,0.218,0.218,0,0.229,0,0.231,0.256,0.223,0.293,0.271,0.232
1/8/1980,0.2081,0.238,0.255,0.251,0,0.211,0.246,0.285,0.217,0.285,0.31,0,0.272,0,0.272,0.276,0.233,0.234,0.269,0.253,0,0.249,0.259,0.149,0.245,0.232,0.262,0.254,0.307,0.212,0,0.224,0.223,0.261,0.301,0.279,0.301,0.228,0.263,0.249,0.305,0.264,0.211,0.31,0.254,0.202,0.245,0.302,0,0.249,0.053,0.231,0.251,0,0.248,0.256,0.271,0.246,0.237,0.243,0.424,0.227,0.296,0.28,0.211,0.228,0.286,0.287,0.187,0.237,0.231,0.271,0.215,0.312,0.255,0.267,0.314,0.265,0.235,0.264,0.26,0.239,0.323,0.232,0,0.228,0.239,0.251,0.269,0.176,0.229,0.221,0,0.245,0,0.222,0.238,0.237,0.299,0.275,0.229
1/9/1980,0.2126,0.249,0.195,0.319,0,0.261,0.268,0.311,0.261,0.322,0.355,0,0.3,0,0.313,0.346,0.286,0.286,0.324,0.313,0,0.288,0.25,0.17,0.246,0.271,0.308,0.295,0.306,0.207,0,0.258,0.114,0.256,0.049,0.326,0.349,0.264,0.309,0.247,0.376,0.255,0.242,0.174,0.289,0.252,0.274,0.275,0,0.297,0.02,0.17,0.276,0,0.219,0.304,0.328,0.28,0.276,0.274,0.402,0.275,0.375,0.324,0.254,0.289,0.292,0.216,0.186,0.276,0.265,0.287,0.249,0.244,0.31,0.301,0.227,0.294,0.281,0.315,0.265,0.274,0.366,0.264,0,0.241,0.287,0.337,0.31,0.006,0.274,0.257,0,0.271,0,0.196,0.223,0.298,0.362,0.304,0.236
1/10/1980,0.2104,0.288,0.246,0.381,0,0.152,0.308,0.372,0.315,0.366,0.406,0,0.374,0,0.362,0.436,0.29,0.356,0.395,0.42,0,0.255,0.281,0,0.142,0.318,0.368,0.333,0.443,0.247,0,0.305,0.016,0.307,0,0.486,0.422,0.305,0.375,0.336,0.478,0.231,0.236,0,0.355,0.31,0.317,0.202,0,0.358,0,0,0.282,0,0.1,0.388,0.422,0.319,0.324,0.284,0.508,0.345,0.575,0.363,0.31,0.284,0.288,0.073,0.103,0.285,0.279,0.268,0.279,0.151,0.296,0.367,0.168,0.25,0.316,0.353,0.217,0.305,0.411,0.344,0,0.292,0.299,0.421,0.369,0,0.327,0.291,0,0.142,0,0.039,0.169,0.353,0.46,0.332,0.216
1/11/1980,0.2104,0.274,0.396,0.241,0,0.186,0.255,0.278,0.195,0.232,0.237,0,0.322,0,0.225,0.226,0.185,0.205,0.253,0.259,0.188,0.231,0.319,0.167,0.257,0.202,0.238,0.209,0.442,0.253,0,0.204,0.29,0.301,0.376,0.332,0.262,0.192,0.236,0.373,0.288,0.307,0.186,0.342,0.231,0.169,0.246,0.3,0,0.225,0.128,0.243,0.244,0,0.262,0.241,0.254,0.203,0.199,0.213,0.614,0.192,0.364,0.235,0.184,0.178,0.29,0.315,0.209,0.226,0.191,0.226,0.18,0.454,0.224,0.256,0.348,0.255,0.189,0.217,0.256,0.205,0.311,0.248,0,0.243,0.235,0.218,0.241,0.262,0.2,0.208,0,0.228,0,0.248,0.268,0.214,0.315,0.242,0.236
1/12/1980,0.2238,0.273,0.29,0.345,0,0.182,0.285,0.346,0.266,0.305,0.368,0,0.357,0,0.31,0.376,0.258,0.295,0.339,0.367,0,0.266,0.292,0.002,0.195,0.273,0.322,0.268,0.456,0.236,0,0.264,0.089,0.304,0,0.438,0.366,0.261,0.322,0.353,0.426,0.245,0.218,0.094,0.305,0.254,0.291,0.233,0,0.311,0,0.064,0.282,0,0.159,0.337,0.366,0.264,0.273,0.259,0.56,0.281,0.516,0.308,0.253,0.276,0.295,0.162,0.129,0.259,0.24,0.25,0.242,0.225,0.301,0.317,0.236,0.271,0.287,0.311,0.239,0.265,0.369,0.304,0,0.267,0.3,0.35,0.333,0,0.281,0.255,0,0.178,0,0.113,0.21,0.297,0.417,0.3,0.223
1/13/1980,0.235,0.309,0.391,0.337,0,0.388,0.311,0.314,0.246,0.287,0.315,0,0.411,0,0.29,0.332,0.282,0.269,0.334,0.364,0.071,0.313,0.387,0.477,0.343,0.25,0.305,0.277,0.534,0.296,0.178,0.272,0.201,0.34,0.076,0.453,0.331,0.243,0.314,0.49,0.415,0.366,0.271,0.253,0.302,0.225,0.322,0.282,0,0.291,0.489,0.221,0.3,0,0.301,0.332,0.364,0.26,0.238,0.269,0.686,0.27,0.541,0.283,0.233,0.293,0.326,0.293,0.311,0.254,0.24,0.254,0.233,0.533,0.328,0.314,0.259,0.348,0.258,0.279,0.308,0.253,0.37,0.342,0,0.29,0.336,0.272,0.308,0.074,0.276,0.294,0,0.394,0,0.318,0.324,0.28,0.427,0.281,0.257
1/14/1980,0.2417,0.314,0.393,0.323,0,0.389,0.343,0.324,0.237,0.295,0.325,0,0.42,0,0.301,0.344,0.279,0.26,0.335,0.375,0.263,0.315,0.429,0.588,0.374,0.244,0.308,0.293,0.534,0.328,0.753,0.276,0.237,0.345,0.195,0.445,0.333,0.241,0.314,0.516,0.419,0.403,0.294,0.32,0.31,0.213,0.325,0.303,0,0.285,0.674,0.29,0.306,0,0.332,0.339,0.376,0.261,0.228,0.282,0.671,0.284,0.533,0.279,0.236,0.269,0.343,0.334,0.356,0.253,0.251,0.272,0.239,0.614,0.312,0.315,0.304,0.362,0.25,0.254,0.328,0.256,0.382,0.359,0,0.304,0.33,0.248,0.312,0.149,0.274,0.307,0,0.407,0,0.351,0.342,0.272,0.441,0.288,0.276
1/15/1980,0.235,0.31,0.369,0.274,0.335,0.311,0.35,0.317,0.224,0.296,0.293,0,0.382,0,0.292,0.328,0.258,0.236,0.313,0.335,0.469,0.271,0.415,0.547,0.36,0.231,0.291,0.3,0.469,0.331,0.78,0.256,0.288,0.317,0.453,0.37,0.311,0.227,0.288,0.465,0.36,0.386,0.286,0.41,0.288,0.2,0.289,0.329,0,0.262,0.597,0.368,0.284,0,0.327,0.309,0.336,0.251,0.217,0.277,0.579,0.28,0.422,0.264,0.229,0.226,0.34,0.391,0.333,0.25,0.253,0.29,0.23,0.621,0.263,0.299,0.38,0.327,0.224,0.234,0.316,0.25,0.382,0.331,0.026,0.311,0.283,0.227,0.292,0.301,0.255,0.29,0,0.332,0,0.333,0.318,0.261,0.404,0.288,0.292
1/16/1980,0.2238,0.295,0.358,0.259,0.185,0.259,0.344,0.322,0.225,0.3,0.309,0,0.354,0,0.293,0.318,0.247,0.237,0.303,0.317,0.383,0.257,0.375,0.43,0.331,0.235,0.291,0.294,0.443,0.306,0.298,0.247,0.286,0.3,0.47,0.341,0.315,0.23,0.28,0.409,0.35,0.347,0.265,0.393,0.286,0.2,0.275,0.334,0,0.258,0.417,0.355,0.279,0,0.311,0.3,0.319,0.248,0.228,0.273,0.551,0.277,0.38,0.269,0.227,0.224,0.338,0.382,0.289,0.248,0.261,0.299,0.235,0.547,0.254,0.293,0.407,0.314,0.229,0.233,0.308,0.252,0.377,0.314,0,0.299,0.267,0.239,0.28,0.301,0.247,0.266,0,0.277,0,0.292,0.287,0.253,0.386,0.295,0.284
1/17/1980,0.2238,0.288,0.365,0.241,0.157,0.244,0.329,0.318,0.221,0.295,0.294,0,0.335,0,0.281,0.301,0.241,0.231,0.29,0.29,0.353,0.241,0.348,0.377,0.315,0.23,0.28,0.284,0.429,0.29,0,0.237,0.301,0.29,0.528,0.319,0.302,0.224,0.265,0.377,0.32,0.322,0.246,0.415,0.275,0.199,0.262,0.338,0,0.25,0.323,0.355,0.267,0,0.303,0.282,0.291,0.242,0.228,0.262,0.539,0.267,0.342,0.264,0.219,0.226,0.329,0.394,0.266,0.246,0.259,0.301,0.228,0.52,0.245,0.285,0.422,0.299,0.224,0.238,0.297,0.246,0.368,0.299,0.01,0.294,0.253,0.239,0.263,0.332,0.238,0.249,0,0.256,0,0.281,0.274,0.247,0.361,0.289,0.277
1/18/1980,0.2171,0.278,0.35,0.242,0.059,0.255,0.316,0.315,0.224,0.297,0.293,0,0.322,0,0.279,0.296,0.249,0.234,0.287,0.279,0.283,0.241,0.323,0.364,0.31,0.231,0.279,0.285,0.41,0.271,0,0.235,0.284,0.276,0.512,0.306,0.299,0.224,0.262,0.35,0.311,0.304,0.241,0.399,0.27,0.206,0.257,0.336,0,0.248,0.288,0.344,0.263,0,0.297,0.277,0.282,0.244,0.233,0.26,0.523,0.266,0.325,0.268,0.217,0.242,0.322,0.388,0.255,0.251,0.263,0.304,0.228,0.489,0.252,0.281,0.41,0.297,0.228,0.249,0.291,0.246,0.364,0.289,0,0.284,0.254,0.253,0.259,0.317,0.239,0.242,0,0.259,0,0.273,0.26,0.251,0.352,0.288,0.27
1/19/1980,0.2126,0.273,0.375,0.22,0.006,0.211,0.297,0.313,0.213,0.283,0.281,0,0.313,0,0.263,0.272,0.225,0.221,0.268,0.255,0.249,0.222,0.31,0.264,0.279,0.221,0.264,0.262,0.414,0.263,0,0.222,0.318,0.279,0.552,0.298,0.283,0.214,0.246,0.334,0.288,0.289,0.215,0.413,0.258,0.195,0.246,0.338,0,0.236,0.167,0.327,0.251,0,0.29,0.26,0.258,0.231,0.226,0.243,0.537,0.245,0.305,0.257,0.204,0.222,0.315,0.39,0.227,0.24,0.249,0.293,0.214,0.464,0.232,0.271,0.43,0.275,0.217,0.239,0.278,0.234,0.346,0.275,0.008,0.278,0.233,0.235,0.246,0.346,0.224,0.22,0,0.225,0,0.257,0.254,0.231,0.328,0.276,0.26
1/20/1980,0.2014,0.259,0.368,0.206,0,0.194,0.273,0.308,0.205,0.272,0.271,0,0.297,0,0.25,0.257,0.213,0.213,0.252,0.233,0.186,0.209,0.286,0.202,0.258,0.214,0.25,0.244,0.399,0.243,0,0.211,0.32,0.27,0.552,0.282,0.268,0.206,0.232,0.307,0.267,0.269,0.197,0.406,0.245,0.189,0.235,0.331,0,0.225,0.091,0.305,0.241,0,0.279,0.243,0.24,0.222,0.221,0.231,0.526,0.228,0.281,0.248,0.192,0.218,0.302,0.385,0.203,0.232,0.239,0.284,0.203,0.427,0.223,0.26,0.426,0.257,0.211,0.236,0.263,0.224,0.33,0.256,0,0.264,0.222,0.227,0.236,0.341,0.216,0.201,0,0.21,0,0.241,0.242,0.218,0.306,0.266,0.245
1/21/1980,0.1969,0.251,0.347,0.204,0,0.216,0.263,0.303,0.205,0.274,0.265,0,0.29,0,0.249,0.258,0.219,0.214,0.25,0.225,0.16,0.206,0.277,0.231,0.261,0.213,0.245,0.248,0.376,0.235,0,0.21,0.313,0.261,0.552,0.272,0.261,0.206,0.23,0.294,0.259,0.265,0.202,0.403,0.241,0.193,0.233,0.325,0,0.222,0.131,0.307,0.235,0,0.277,0.237,0.236,0.225,0.22,0.231,0.501,0.228,0.265,0.247,0.191,0.225,0.295,0.388,0.207,0.234,0.239,0.285,0.202,0.419,0.223,0.258,0.409,0.253,0.211,0.241,0.258,0.223,0.328,0.249,0,0.262,0.224,0.227,0.236,0.337,0.22,0.203,0,0.228,0,0.246,0.239,0.219,0.298,0.262,0.241
1/22/1980,0.1969,0.242,0.341,0.196,0,0.199,0.251,0.299,0.201,0.271,0.267,0,0.282,0,0.245,0.251,0.21,0.21,0.242,0.215,0.111,0.199,0.265,0.19,0.245,0.211,0.239,0.239,0.364,0.225,0,0.205,0.318,0.258,0.542,0.266,0.257,0.203,0.224,0.277,0.252,0.256,0.192,0.391,0.236,0.19,0.228,0.321,0,0.216,0.089,0.291,0.231,0,0.27,0.23,0.23,0.22,0.217,0.226,0.492,0.219,0.253,0.244,0.186,0.216,0.288,0.378,0.195,0.226,0.232,0.28,0.197,0.391,0.215,0.252,0.404,0.242,0.209,0.235,0.25,0.219,0.317,0.238,0,0.255,0.218,0.219,0.233,0.329,0.215,0.194,0,0.217,0,0.233,0.232,0.21,0.285,0.259,0.233
1/23/1980,0.2014,0.238,0.323,0.197,0,0.216,0.246,0.294,0.201,0.275,0.267,0,0.279,0,0.248,0.256,0.216,0.212,0.243,0.212,0.09,0.2,0.26,0.22,0.251,0.212,0.238,0.244,0.345,0.222,0,0.206,0.313,0.252,0.538,0.26,0.256,0.206,0.226,0.27,0.251,0.257,0.199,0.386,0.237,0.193,0.228,0.316,0,0.217,0.131,0.295,0.23,0,0.269,0.229,0.232,0.224,0.217,0.23,0.472,0.221,0.245,0.245,0.188,0.22,0.284,0.377,0.203,0.226,0.234,0.283,0.198,0.386,0.217,0.252,0.387,0.242,0.21,0.238,0.249,0.22,0.316,0.233,0,0.255,0.221,0.219,0.236,0.322,0.219,0.199,0,0.232,0,0.238,0.23,0.211,0.282,0.259,0.232
1/24/1980,0.2014,0.235,0.298,0.207,0,0.245,0.25,0.289,0.207,0.285,0.273,0,0.279,0,0.257,0.269,0.232,0.22,0.251,0.217,0.065,0.209,0.257,0.272,0.264,0.217,0.242,0.258,0.325,0.221,0,0.213,0.297,0.245,0.522,0.257,0.261,0.212,0.233,0.265,0.259,0.262,0.213,0.371,0.242,0.202,0.231,0.313,0,0.222,0.193,0.303,0.233,0,0.27,0.235,0.242,0.233,0.221,0.239,0.449,0.23,0.242,0.252,0.196,0.233,0.282,0.372,0.218,0.232,0.241,0.291,0.204,0.386,0.227,0.256,0.364,0.25,0.217,0.246,0.252,0.226,0.321,0.234,0,0.258,0.23,0.229,0.243,0.308,0.227,0.211,0,0.256,0,0.247,0.229,0.221,0.286,0.264,0.236
1/25/1980,0.2104,0.225,0.285,0.217,0,0.229,0.242,0.283,0.21,0.285,0.288,0,0.271,0,0.258,0.261,0.231,0.224,0.251,0.219,0,0.217,0.238,0.216,0.25,0.222,0.246,0.252,0.312,0.204,0,0.211,0.274,0.237,0.453,0.255,0.269,0.214,0.234,0.243,0.269,0.25,0.204,0.322,0.241,0.203,0.23,0.308,0,0.225,0.116,0.273,0.236,0,0.258,0.236,0.245,0.23,0.227,0.239,0.444,0.227,0.247,0.26,0.198,0.236,0.277,0.334,0.2,0.231,0.238,0.287,0.205,0.337,0.234,0.251,0.343,0.247,0.222,0.246,0.25,0.229,0.311,0.225,0,0.242,0.231,0.241,0.242,0.263,0.224,0.202,0,0.244,0,0.225,0.214,0.218,0.284,0.265,0.229
1/26/1980,0.2059,0.231,0.322,0.199,0,0.193,0.238,0.285,0.197,0.273,0.28,0,0.277,0,0.25,0.244,0.206,0.21,0.239,0.21,0.032,0.203,0.253,0.174,0.236,0.211,0.236,0.236,0.336,0.218,0,0.203,0.32,0.254,0.507,0.261,0.26,0.205,0.225,0.262,0.258,0.255,0.19,0.362,0.237,0.188,0.227,0.313,0,0.216,0.096,0.274,0.231,0,0.263,0.229,0.236,0.219,0.215,0.229,0.475,0.213,0.247,0.247,0.188,0.205,0.279,0.348,0.194,0.218,0.225,0.277,0.194,0.355,0.211,0.247,0.371,0.234,0.208,0.229,0.245,0.219,0.3,0.223,0,0.247,0.215,0.212,0.236,0.305,0.211,0.193,0,0.222,0,0.226,0.225,0.199,0.273,0.257,0.227
1/27/1980,0.1992,0.213,0.309,0.193,0,0.169,0.215,0.276,0.193,0.263,0.283,0,0.258,0,0.24,0.226,0.195,0.204,0.227,0.195,0,0.198,0.223,0.094,0.213,0.208,0.227,0.215,0.318,0.189,0,0.193,0.304,0.242,0.457,0.247,0.255,0.199,0.214,0.23,0.249,0.23,0.169,0.33,0.224,0.182,0.216,0.303,0,0.207,0,0.238,0.226,0,0.245,0.215,0.224,0.207,0.213,0.218,0.463,0.197,0.232,0.242,0.178,0.205,0.266,0.32,0.164,0.208,0.213,0.266,0.186,0.296,0.209,0.235,0.357,0.22,0.206,0.226,0.233,0.213,0.281,0.202,0,0.223,0.209,0.21,0.226,0.27,0.201,0.172,0,0.203,0,0.2,0.207,0.188,0.255,0.249,0.21
1/28/1980,0.1835,0.212,0.323,0.175,0,0.147,0.202,0.277,0.182,0.253,0.269,0,0.254,0,0.231,0.213,0.178,0.192,0.214,0.181,0,0.182,0.226,0.066,0.201,0.198,0.216,0.201,0.324,0.191,0,0.185,0.329,0.248,0.492,0.245,0.242,0.19,0.204,0.233,0.232,0.227,0.157,0.364,0.215,0.17,0.211,0.302,0,0.196,0,0.234,0.218,0,0.244,0.204,0.212,0.199,0.202,0.208,0.468,0.183,0.223,0.228,0.167,0.186,0.261,0.334,0.155,0.198,0.202,0.257,0.176,0.302,0.19,0.23,0.374,0.205,0.194,0.217,0.223,0.202,0.272,0.195,0,0.222,0.197,0.188,0.219,0.295,0.191,0.163,0,0.19,0,0.198,0.212,0.175,0.24,0.239,0.203
1/29/1980,0.1857,0.205,0.305,0.173,0,0.152,0.195,0.272,0.183,0.254,0.27,0,0.247,0,0.232,0.214,0.179,0.192,0.212,0.176,0,0.18,0.216,0.065,0.199,0.199,0.213,0.201,0.308,0.182,0,0.183,0.321,0.241,0.483,0.236,0.24,0.19,0.202,0.218,0.229,0.22,0.156,0.359,0.211,0.172,0.207,0.298,0,0.193,0,0.229,0.216,0,0.239,0.2,0.21,0.2,0.202,0.207,0.447,0.181,0.211,0.227,0.165,0.19,0.257,0.332,0.151,0.197,0.202,0.258,0.176,0.285,0.191,0.228,0.364,0.201,0.194,0.22,0.219,0.201,0.269,0.188,0,0.217,0.199,0.188,0.218,0.285,0.192,0.161,0,0.195,0,0.194,0.207,0.175,0.234,0.237,0.199
1/30/1980,0.1925,0.205,0.297,0.175,0,0.162,0.195,0.271,0.185,0.259,0.273,0,0.247,0,0.236,0.219,0.183,0.194,0.215,0.177,0,0.181,0.216,0.085,0.203,0.201,0.215,0.206,0.301,0.183,0,0.186,0.319,0.24,0.486,0.234,0.242,0.193,0.205,0.215,0.232,0.222,0.162,0.362,0.214,0.175,0.209,0.298,0,0.196,0.001,0.233,0.217,0,0.241,0.203,0.213,0.205,0.204,0.21,0.436,0.184,0.207,0.23,0.168,0.192,0.256,0.334,0.157,0.199,0.205,0.262,0.179,0.285,0.193,0.23,0.359,0.202,0.196,0.224,0.221,0.203,0.272,0.188,0,0.219,0.202,0.189,0.221,0.284,0.195,0.166,0,0.204,0,0.197,0.207,0.179,0.234,0.239,0.201
1/31/1980,0.188,0.206,0.291,0.177,0,0.17,0.198,0.27,0.187,0.265,0.278,0,0.248,0,0.242,0.224,0.188,0.197,0.218,0.18,0,0.184,0.217,0.1,0.207,0.203,0.217,0.212,0.296,0.185,0,0.188,0.317,0.239,0.488,0.234,0.247,0.197,0.208,0.212,0.236,0.224,0.167,0.363,0.217,0.178,0.211,0.299,0,0.199,0.02,0.238,0.219,0,0.242,0.206,0.218,0.209,0.207,0.214,0.428,0.188,0.205,0.233,0.17,0.195,0.257,0.335,0.162,0.202,0.208,0.267,0.182,0.285,0.195,0.234,0.356,0.204,0.199,0.227,0.223,0.206,0.276,0.19,0,0.222,0.206,0.192,0.224,0.283,0.199,0.171,0,0.211,0,0.2,0.207,0.182,0.235,0.242,0.204
2/1/1980,0.1969,0.212,0.27,0.191,0,0.213,0.213,0.269,0.197,0.28,0.283,0,0.255,0,0.255,0.248,0.21,0.208,0.232,0.192,0,0.196,0.228,0.188,0.232,0.211,0.226,0.236,0.284,0.195,0,0.2,0.303,0.236,0.494,0.235,0.255,0.207,0.221,0.219,0.248,0.239,0.192,0.364,0.228,0.191,0.218,0.301,0,0.21,0.119,0.263,0.224,0,0.251,0.218,0.233,0.224,0.213,0.227,0.409,0.204,0.207,0.243,0.183,0.211,0.262,0.344,0.189,0.212,0.221,0.28,0.193,0.31,0.209,0.243,0.339,0.22,0.208,0.238,0.233,0.216,0.291,0.201,0,0.235,0.219,0.204,0.235,0.283,0.214,0.192,0,0.243,0,0.22,0.213,0.199,0.248,0.252,0.215
2/2/1980,0.2148,0.216,0.226,0.218,0,0.277,0.235,0.266,0.213,0.302,0.293,0,0.261,0,0.274,0.285,0.248,0.227,0.255,0.213,0,0.217,0.236,0.311,0.268,0.226,0.242,0.271,0.257,0.204,0,0.218,0.264,0.226,0.468,0.237,0.269,0.224,0.241,0.223,0.27,0.256,0.227,0.346,0.245,0.212,0.229,0.299,0,0.228,0.249,0.292,0.233,0,0.257,0.236,0.256,0.245,0.225,0.248,0.37,0.232,0.214,0.261,0.203,0.242,0.266,0.345,0.225,0.23,0.241,0.299,0.21,0.335,0.236,0.257,0.306,0.245,0.225,0.257,0.248,0.233,0.313,0.217,0,0.247,0.24,0.233,0.252,0.258,0.236,0.224,0,0.29,0,0.244,0.218,0.226,0.271,0.266,0.229
2/3/1980,0.2148,0.222,0.21,0.233,0,0.298,0.258,0.273,0.22,0.316,0.304,0,0.268,0,0.288,0.309,0.267,0.238,0.271,0.233,0,0.232,0.253,0.378,0.289,0.234,0.254,0.294,0.251,0.22,0,0.229,0.247,0.23,0.462,0.245,0.282,0.234,0.256,0.237,0.288,0.273,0.248,0.344,0.259,0.22,0.239,0.301,0,0.241,0.327,0.312,0.242,0,0.265,0.25,0.275,0.257,0.231,0.263,0.355,0.252,0.229,0.273,0.217,0.251,0.273,0.349,0.25,0.239,0.254,0.311,0.222,0.366,0.245,0.268,0.3,0.263,0.235,0.262,0.26,0.244,0.329,0.234,0,0.258,0.247,0.247,0.265,0.25,0.246,0.245,0,0.305,0,0.258,0.228,0.241,0.29,0.278,0.241
2/4/1980,0.2104,0.224,0.213,0.238,0,0.283,0.268,0.277,0.22,0.317,0.315,0,0.269,0,0.291,0.313,0.266,0.24,0.275,0.241,0,0.239,0.257,0.366,0.287,0.235,0.259,0.296,0.256,0.224,0,0.231,0.241,0.236,0.446,0.252,0.29,0.235,0.261,0.242,0.299,0.275,0.246,0.343,0.265,0.218,0.242,0.303,0,0.245,0.313,0.308,0.246,0,0.264,0.254,0.282,0.257,0.234,0.266,0.36,0.256,0.241,0.278,0.219,0.244,0.276,0.342,0.248,0.24,0.257,0.313,0.227,0.365,0.245,0.27,0.305,0.267,0.237,0.256,0.264,0.248,0.329,0.24,0,0.258,0.244,0.251,0.267,0.238,0.244,0.246,0,0.291,0,0.253,0.23,0.241,0.297,0.282,0.243
2/5/1980,0.1992,0.23,0.268,0.22,0,0.226,0.263,0.282,0.207,0.304,0.317,0,0.272,0,0.282,0.286,0.235,0.227,0.261,0.231,0,0.229,0.261,0.268,0.262,0.225,0.251,0.272,0.292,0.229,0,0.22,0.286,0.255,0.483,0.261,0.289,0.225,0.25,0.252,0.29,0.269,0.221,0.371,0.259,0.2,0.238,0.313,0,0.235,0.203,0.295,0.244,0,0.264,0.246,0.27,0.243,0.228,0.253,0.411,0.239,0.244,0.269,0.206,0.214,0.281,0.343,0.223,0.226,0.244,0.304,0.216,0.357,0.226,0.263,0.343,0.254,0.225,0.239,0.261,0.239,0.314,0.235,0,0.257,0.228,0.227,0.256,0.27,0.227,0.226,0,0.247,0,0.237,0.231,0.219,0.285,0.277,0.24
2/6/1980,0.2104,0.226,0.246,0.22,0,0.248,0.26,0.279,0.208,0.304,0.307,0,0.265,0,0.28,0.294,0.244,0.227,0.261,0.226,0,0.227,0.257,0.31,0.271,0.224,0.247,0.276,0.276,0.224,0,0.221,0.269,0.246,0.486,0.252,0.282,0.225,0.248,0.247,0.28,0.266,0.226,0.384,0.256,0.203,0.235,0.307,0,0.234,0.247,0.304,0.24,0,0.261,0.241,0.266,0.245,0.226,0.253,0.386,0.24,0.232,0.267,0.205,0.224,0.276,0.353,0.228,0.227,0.245,0.306,0.216,0.363,0.23,0.262,0.333,0.256,0.225,0.245,0.259,0.238,0.316,0.234,0,0.256,0.23,0.228,0.255,0.265,0.23,0.232,0,0.26,0,0.243,0.231,0.225,0.282,0.275,0.238
2/7/1980,0.2215,0.221,0.225,0.225,0,0.259,0.26,0.279,0.211,0.307,0.307,0,0.258,0,0.282,0.301,0.252,0.231,0.264,0.229,0,0.231,0.253,0.328,0.275,0.227,0.249,0.282,0.262,0.22,0,0.223,0.247,0.24,0.465,0.248,0.284,0.228,0.251,0.239,0.28,0.264,0.23,0.379,0.257,0.207,0.234,0.302,0,0.236,0.263,0.302,0.24,0,0.256,0.242,0.267,0.249,0.229,0.256,0.365,0.244,0.23,0.271,0.208,0.231,0.273,0.35,0.23,0.23,0.248,0.308,0.22,0.358,0.235,0.262,0.323,0.259,0.229,0.25,0.259,0.241,0.319,0.234,0,0.253,0.233,0.236,0.258,0.246,0.233,0.237,0,0.266,0,0.242,0.229,0.231,0.283,0.277,0.237
2/8/1980,0.2148,0.223,0.271,0.211,0,0.206,0.25,0.281,0.202,0.296,0.312,0,0.258,0,0.274,0.274,0.225,0.22,0.25,0.219,0,0.222,0.25,0.219,0.247,0.219,0.243,0.259,0.291,0.217,0,0.214,0.283,0.255,0.482,0.254,0.284,0.219,0.242,0.239,0.275,0.255,0.206,0.389,0.251,0.193,0.23,0.31,0,0.228,0.14,0.279,0.239,0,0.254,0.236,0.255,0.238,0.225,0.243,0.408,0.228,0.233,0.264,0.196,0.207,0.276,0.343,0.203,0.218,0.236,0.298,0.211,0.337,0.22,0.256,0.353,0.246,0.22,0.237,0.255,0.233,0.304,0.227,0,0.248,0.219,0.217,0.249,0.265,0.218,0.215,0,0.228,0,0.224,0.227,0.212,0.27,0.272,0.23
2/9/1980,0.1969,0.218,0.27,0.203,0,0.201,0.237,0.279,0.197,0.289,0.304,0,0.251,0,0.267,0.265,0.218,0.214,0.242,0.208,0,0.215,0.243,0.197,0.24,0.215,0.236,0.25,0.288,0.209,0,0.208,0.283,0.251,0.485,0.247,0.276,0.214,0.235,0.23,0.263,0.246,0.198,0.397,0.242,0.189,0.225,0.307,0,0.222,0.114,0.272,0.234,0,0.249,0.227,0.245,0.233,0.221,0.235,0.404,0.218,0.221,0.257,0.188,0.205,0.27,0.344,0.193,0.214,0.229,0.292,0.204,0.325,0.216,0.251,0.354,0.237,0.215,0.238,0.248,0.227,0.297,0.218,0,0.24,0.216,0.209,0.244,0.266,0.214,0.208,0,0.225,0,0.218,0.224,0.206,0.259,0.265,0.223
2/10/1980,0.1969,0.216,0.26,0.202,0,0.209,0.233,0.278,0.198,0.289,0.3,0,0.246,0,0.267,0.266,0.221,0.214,0.241,0.206,0,0.213,0.24,0.205,0.241,0.214,0.234,0.251,0.28,0.205,0,0.208,0.278,0.248,0.486,0.243,0.274,0.214,0.234,0.225,0.258,0.245,0.2,0.398,0.24,0.19,0.223,0.305,0,0.22,0.125,0.272,0.232,0,0.247,0.225,0.242,0.236,0.221,0.234,0.393,0.218,0.214,0.256,0.187,0.209,0.267,0.346,0.193,0.215,0.229,0.292,0.204,0.324,0.216,0.25,0.35,0.235,0.214,0.242,0.246,0.226,0.298,0.215,0,0.239,0.217,0.209,0.245,0.265,0.216,0.209,0,0.231,0,0.219,0.222,0.208,0.255,0.264,0.221
2/11/1980,0.1969,0.215,0.247,0.205,0,0.223,0.235,0.278,0.201,0.294,0.299,0,0.245,0,0.271,0.273,0.229,0.217,0.244,0.209,0,0.214,0.243,0.23,0.248,0.217,0.236,0.259,0.272,0.207,0,0.211,0.269,0.245,0.486,0.241,0.275,0.218,0.238,0.224,0.259,0.248,0.208,0.398,0.242,0.195,0.224,0.304,0,0.223,0.154,0.279,0.232,0,0.247,0.228,0.245,0.242,0.223,0.238,0.379,0.223,0.211,0.259,0.191,0.215,0.266,0.348,0.201,0.219,0.232,0.296,0.207,0.33,0.22,0.253,0.345,0.238,0.217,0.247,0.247,0.228,0.303,0.217,0,0.241,0.221,0.214,0.25,0.263,0.222,0.216,0,0.242,0,0.224,0.223,0.215,0.257,0.266,0.222
2/12/1980,0.1925,0.216,0.238,0.209,0,0.232,0.24,0.279,0.204,0.299,0.301,0,0.245,0,0.275,0.282,0.236,0.221,0.248,0.213,0,0.217,0.246,0.249,0.254,0.22,0.24,0.267,0.265,0.209,0,0.214,0.262,0.243,0.485,0.241,0.278,0.221,0.242,0.225,0.263,0.252,0.216,0.396,0.245,0.2,0.225,0.304,0,0.226,0.176,0.285,0.234,0,0.249,0.232,0.249,0.247,0.227,0.242,0.369,0.229,0.211,0.263,0.195,0.22,0.267,0.349,0.207,0.223,0.237,0.301,0.212,0.336,0.223,0.256,0.341,0.242,0.22,0.251,0.25,0.231,0.308,0.221,0,0.244,0.225,0.219,0.255,0.26,0.227,0.223,0,0.248,0,0.228,0.224,0.221,0.261,0.269,0.225
2/13/1980,0.1925,0.214,0.203,0.222,0,0.264,0.25,0.279,0.213,0.31,0.303,0,0.242,0,0.284,0.303,0.257,0.231,0.26,0.224,0,0.226,0.249,0.312,0.271,0.227,0.246,0.286,0.244,0.211,0,0.223,0.231,0.235,0.462,0.238,0.283,0.23,0.253,0.223,0.271,0.258,0.233,0.387,0.252,0.211,0.229,0.299,0,0.235,0.243,0.297,0.237,0,0.248,0.239,0.259,0.259,0.233,0.252,0.337,0.243,0.212,0.272,0.205,0.237,0.266,0.349,0.224,0.233,0.247,0.309,0.221,0.346,0.235,0.262,0.321,0.254,0.229,0.262,0.255,0.239,0.321,0.228,0,0.247,0.234,0.236,0.264,0.238,0.238,0.239,0,0.271,0,0.237,0.226,0.237,0.272,0.275,0.229
2/14/1980,0.188,0.21,0.189,0.233,0,0.256,0.253,0.282,0.218,0.313,0.314,0,0.238,0,0.287,0.307,0.261,0.238,0.266,0.233,0,0.235,0.243,0.285,0.265,0.233,0.254,0.29,0.239,0.206,0,0.227,0.207,0.235,0.408,0.244,0.294,0.235,0.261,0.213,0.283,0.255,0.233,0.36,0.257,0.215,0.233,0.296,0,0.242,0.203,0.28,0.241,0,0.239,0.245,0.265,0.263,0.241,0.255,0.329,0.249,0.225,0.283,0.212,0.241,0.266,0.328,0.215,0.237,0.251,0.308,0.227,0.325,0.242,0.264,0.311,0.258,0.237,0.264,0.257,0.246,0.323,0.23,0,0.241,0.235,0.251,0.269,0.202,0.24,0.241,0,0.262,0,0.225,0.223,0.241,0.278,0.28,0.227
2/15/1980,0.1969,0.209,0.176,0.243,0,0.269,0.259,0.282,0.22,0.314,0.312,0,0.239,0,0.288,0.313,0.268,0.243,0.272,0.243,0,0.242,0.248,0.311,0.271,0.236,0.258,0.296,0.238,0.21,0,0.232,0.187,0.236,0.376,0.252,0.296,0.237,0.267,0.22,0.289,0.261,0.238,0.355,0.261,0.218,0.238,0.291,0,0.247,0.233,0.279,0.243,0,0.235,0.249,0.27,0.266,0.242,0.258,0.322,0.255,0.239,0.287,0.217,0.246,0.266,0.322,0.22,0.242,0.253,0.305,0.23,0.333,0.248,0.266,0.3,0.265,0.24,0.266,0.259,0.25,0.327,0.236,0,0.24,0.237,0.26,0.273,0.18,0.243,0.249,0,0.27,0,0.229,0.227,0.248,0.288,0.281,0.226
2/16/1980,0.2081,0.219,0.2,0.236,0,0.268,0.27,0.283,0.216,0.312,0.306,0,0.249,0,0.287,0.312,0.263,0.237,0.27,0.246,0,0.238,0.27,0.343,0.281,0.231,0.256,0.297,0.256,0.229,0,0.232,0.214,0.247,0.429,0.259,0.292,0.234,0.265,0.25,0.286,0.276,0.242,0.394,0.263,0.212,0.239,0.298,0,0.245,0.284,0.303,0.243,0,0.247,0.25,0.271,0.263,0.235,0.258,0.344,0.255,0.244,0.28,0.214,0.236,0.272,0.344,0.234,0.238,0.251,0.306,0.228,0.378,0.241,0.268,0.322,0.269,0.234,0.259,0.264,0.247,0.329,0.245,0,0.251,0.233,0.244,0.272,0.22,0.24,0.254,0,0.272,0,0.244,0.24,0.245,0.293,0.28,0.233
2/17/1980,0.2148,0.217,0.183,0.239,0,0.275,0.277,0.286,0.219,0.317,0.308,0,0.245,0,0.292,0.324,0.271,0.241,0.275,0.25,0,0.241,0.271,0.367,0.287,0.234,0.258,0.306,0.245,0.23,0,0.234,0.199,0.243,0.423,0.256,0.295,0.237,0.268,0.248,0.288,0.277,0.249,0.399,0.266,0.215,0.239,0.295,0,0.248,0.307,0.309,0.243,0,0.246,0.252,0.276,0.268,0.238,0.263,0.324,0.263,0.242,0.283,0.218,0.241,0.272,0.348,0.238,0.24,0.257,0.312,0.234,0.383,0.244,0.27,0.321,0.274,0.238,0.261,0.266,0.251,0.336,0.249,0,0.252,0.235,0.25,0.275,0.21,0.244,0.261,0,0.274,0,0.246,0.241,0.252,0.298,0.284,0.235
2/18/1980,0.2327,0.207,0.112,0.281,0,0.307,0.289,0.298,0.243,0.334,0.332,0,0.242,0,0.309,0.366,0.302,0.271,0.306,0.285,0,0.27,0.25,0.386,0.285,0.259,0.282,0.332,0.225,0.215,0,0.254,0.098,0.233,0.229,0.276,0.321,0.258,0.296,0.222,0.328,0.266,0.261,0.32,0.286,0.241,0.257,0.27,0,0.276,0.3,0.262,0.254,0,0.216,0.274,0.302,0.287,0.264,0.278,0.28,0.292,0.287,0.317,0.244,0.274,0.267,0.296,0.23,0.267,0.282,0.314,0.257,0.325,0.276,0.283,0.258,0.295,0.267,0.284,0.267,0.276,0.358,0.265,0,0.243,0.252,0.316,0.294,0.068,0.264,0.28,0,0.287,0,0.223,0.232,0.284,0.335,0.297,0.227
2/19/1980,0.2596,0.228,0.167,0.287,0,0.331,0.31,0.298,0.24,0.331,0.324,0,0.271,0,0.309,0.363,0.304,0.268,0.311,0.299,0,0.283,0.289,0.464,0.314,0.254,0.285,0.332,0.281,0.247,0.159,0.259,0.134,0.259,0.276,0.306,0.32,0.253,0.299,0.285,0.336,0.301,0.269,0.376,0.292,0.236,0.271,0.283,0,0.278,0.418,0.292,0.261,0,0.242,0.279,0.309,0.281,0.252,0.281,0.349,0.295,0.325,0.309,0.243,0.273,0.283,0.329,0.263,0.27,0.28,0.315,0.254,0.405,0.283,0.287,0.284,0.316,0.261,0.276,0.281,0.276,0.364,0.285,0,0.26,0.26,0.3,0.294,0.111,0.261,0.29,0,0.31,0,0.262,0.266,0.288,0.356,0.296,0.239
2/20/1980,0.2506,0.25,0.239,0.268,0.085,0.315,0.327,0.3,0.229,0.329,0.32,0,0.292,0,0.309,0.351,0.29,0.254,0.303,0.294,0.086,0.27,0.326,0.49,0.33,0.243,0.281,0.327,0.323,0.28,0.313,0.255,0.215,0.277,0.426,0.31,0.314,0.244,0.29,0.335,0.325,0.323,0.273,0.46,0.292,0.222,0.269,0.311,0,0.268,0.458,0.347,0.263,0,0.271,0.278,0.309,0.273,0.239,0.282,0.408,0.291,0.318,0.292,0.236,0.253,0.301,0.38,0.281,0.26,0.274,0.324,0.248,0.475,0.266,0.288,0.347,0.315,0.247,0.265,0.292,0.269,0.363,0.294,0,0.281,0.253,0.265,0.287,0.222,0.254,0.29,0,0.303,0,0.287,0.283,0.278,0.354,0.296,0.258
2/21/1980,0.235,0.254,0.261,0.256,0.109,0.291,0.329,0.305,0.226,0.332,0.329,0,0.293,0,0.312,0.347,0.281,0.249,0.298,0.286,0.112,0.26,0.324,0.455,0.321,0.242,0.281,0.324,0.33,0.281,0.158,0.252,0.244,0.279,0.478,0.303,0.317,0.244,0.285,0.332,0.32,0.314,0.267,0.484,0.293,0.217,0.264,0.321,0,0.265,0.406,0.357,0.263,0,0.275,0.277,0.306,0.271,0.24,0.281,0.417,0.288,0.302,0.289,0.232,0.244,0.306,0.394,0.271,0.252,0.275,0.332,0.249,0.467,0.257,0.288,0.375,0.309,0.246,0.262,0.294,0.268,0.361,0.293,0,0.286,0.247,0.254,0.282,0.255,0.251,0.283,0,0.282,0,0.279,0.279,0.27,0.346,0.3,0.263
2/22/1980,0.2193,0.239,0.22,0.277,0,0.288,0.321,0.309,0.24,0.339,0.349,0,0.278,0,0.318,0.359,0.293,0.266,0.309,0.294,0,0.276,0.283,0.399,0.301,0.256,0.292,0.327,0.315,0.249,0,0.259,0.177,0.262,0.341,0.304,0.334,0.254,0.295,0.289,0.335,0.284,0.258,0.424,0.296,0.231,0.266,0.305,0,0.276,0.298,0.304,0.27,0,0.243,0.281,0.31,0.276,0.259,0.284,0.392,0.295,0.316,0.31,0.241,0.266,0.299,0.353,0.239,0.264,0.287,0.334,0.259,0.38,0.277,0.287,0.34,0.315,0.265,0.277,0.289,0.28,0.364,0.286,0,0.267,0.256,0.298,0.283,0.152,0.255,0.278,0,0.266,0,0.241,0.255,0.283,0.356,0.307,0.25
2/23/1980,0.2104,0.246,0.255,0.28,0,0.296,0.318,0.303,0.238,0.331,0.336,0,0.288,0,0.311,0.345,0.289,0.263,0.306,0.292,0.028,0.279,0.289,0.408,0.307,0.252,0.289,0.317,0.345,0.252,0.004,0.257,0.193,0.269,0.358,0.315,0.329,0.248,0.29,0.312,0.329,0.29,0.251,0.441,0.291,0.229,0.267,0.309,0,0.273,0.306,0.306,0.271,0,0.246,0.277,0.303,0.268,0.253,0.278,0.437,0.287,0.328,0.303,0.236,0.267,0.301,0.358,0.243,0.265,0.28,0.331,0.252,0.396,0.281,0.283,0.344,0.318,0.26,0.276,0.291,0.275,0.361,0.286,0,0.269,0.262,0.294,0.275,0.168,0.25,0.276,0,0.273,0,0.25,0.261,0.282,0.356,0.301,0.25
2/24/1980,0.2104,0.259,0.321,0.254,0,0.275,0.316,0.297,0.223,0.32,0.321,0,0.301,0,0.3,0.318,0.265,0.243,0.288,0.274,0.147,0.258,0.31,0.394,0.309,0.236,0.276,0.3,0.38,0.271,0,0.247,0.272,0.282,0.494,0.312,0.313,0.235,0.273,0.342,0.309,0.301,0.243,0.499,0.283,0.211,0.26,0.329,0,0.258,0.299,0.34,0.265,0,0.267,0.268,0.289,0.254,0.237,0.267,0.492,0.27,0.311,0.281,0.221,0.243,0.307,0.393,0.25,0.251,0.265,0.326,0.237,0.44,0.259,0.277,0.391,0.305,0.242,0.262,0.292,0.26,0.347,0.283,0,0.282,0.25,0.255,0.263,0.269,0.237,0.265,0,0.266,0,0.268,0.272,0.26,0.339,0.291,0.257
2/25/1980,0.2104,0.254,0.322,0.24,0,0.265,0.305,0.296,0.218,0.317,0.318,0,0.293,0,0.296,0.311,0.257,0.237,0.278,0.259,0.141,0.246,0.299,0.364,0.299,0.232,0.269,0.293,0.37,0.262,0,0.24,0.288,0.275,0.531,0.297,0.305,0.232,0.264,0.326,0.296,0.288,0.237,0.506,0.276,0.208,0.251,0.331,0,0.25,0.255,0.341,0.26,0,0.266,0.26,0.279,0.251,0.235,0.262,0.481,0.262,0.285,0.274,0.214,0.241,0.303,0.403,0.24,0.244,0.261,0.327,0.232,0.423,0.251,0.272,0.402,0.293,0.239,0.261,0.287,0.254,0.34,0.274,0,0.28,0.243,0.245,0.257,0.29,0.234,0.256,0,0.258,0,0.261,0.265,0.251,0.324,0.288,0.254
2/26/1980,0.2193,0.249,0.292,0.24,0.042,0.3,0.303,0.293,0.222,0.325,0.312,0,0.287,0,0.3,0.323,0.273,0.241,0.282,0.256,0.132,0.245,0.293,0.425,0.312,0.235,0.268,0.306,0.344,0.256,0,0.242,0.272,0.264,0.537,0.285,0.301,0.235,0.267,0.315,0.29,0.287,0.249,0.508,0.275,0.217,0.251,0.326,0,0.25,0.326,0.356,0.257,0,0.267,0.258,0.278,0.259,0.236,0.268,0.446,0.269,0.268,0.276,0.217,0.257,0.298,0.416,0.254,0.248,0.267,0.335,0.234,0.428,0.256,0.274,0.387,0.297,0.242,0.272,0.285,0.255,0.345,0.273,0,0.281,0.251,0.25,0.26,0.286,0.243,0.265,0,0.284,0,0.271,0.264,0.26,0.322,0.289,0.255
2/27/1980,0.2417,0.248,0.27,0.245,0.113,0.324,0.31,0.296,0.227,0.335,0.314,0,0.287,0,0.31,0.34,0.289,0.248,0.289,0.261,0.124,0.25,0.297,0.479,0.326,0.239,0.273,0.322,0.326,0.259,0,0.248,0.261,0.26,0.535,0.282,0.304,0.241,0.274,0.314,0.296,0.293,0.264,0.507,0.281,0.225,0.255,0.323,0,0.254,0.399,0.371,0.258,0,0.271,0.263,0.287,0.269,0.24,0.277,0.421,0.281,0.263,0.281,0.224,0.267,0.298,0.424,0.271,0.254,0.276,0.345,0.24,0.441,0.26,0.279,0.376,0.304,0.247,0.279,0.289,0.26,0.354,0.28,0,0.286,0.258,0.258,0.268,0.281,0.252,0.277,0,0.302,0,0.282,0.268,0.27,0.328,0.294,0.259
2/28/1980,0.2372,0.246,0.27,0.245,0.084,0.308,0.313,0.302,0.227,0.338,0.323,0,0.286,0,0.314,0.343,0.287,0.25,0.289,0.263,0.095,0.251,0.296,0.45,0.319,0.241,0.276,0.323,0.324,0.259,0,0.248,0.263,0.263,0.527,0.283,0.309,0.244,0.277,0.309,0.301,0.292,0.262,0.501,0.283,0.225,0.256,0.325,0,0.255,0.369,0.365,0.261,0,0.27,0.265,0.29,0.272,0.244,0.28,0.42,0.283,0.264,0.285,0.226,0.262,0.3,0.42,0.266,0.255,0.279,0.349,0.243,0.429,0.257,0.28,0.381,0.303,0.249,0.278,0.29,0.262,0.355,0.28,0,0.285,0.256,0.26,0.271,0.275,0.252,0.275,0,0.29,0,0.274,0.267,0.27,0.328,0.298,0.259
2/29/1980,0.2305,0.242,0.256,0.248,0.059,0.313,0.314,0.304,0.229,0.341,0.325,0,0.282,0,0.317,0.35,0.292,0.254,0.292,0.265,0.073,0.255,0.294,0.454,0.321,0.243,0.277,0.328,0.315,0.256,0,0.251,0.25,0.261,0.507,0.282,0.311,0.246,0.28,0.305,0.304,0.291,0.264,0.498,0.285,0.227,0.258,0.322,0,0.257,0.373,0.363,0.261,0,0.267,0.265,0.293,0.275,0.246,0.282,0.406,0.287,0.263,0.289,0.228,0.266,0.298,0.418,0.266,0.258,0.282,0.352,0.246,0.421,0.26,0.28,0.375,0.305,0.251,0.282,0.29,0.265,0.357,0.281,0,0.281,0.258,0.266,0.274,0.259,0.254,0.278,0,0.292,0,0.272,0.267,0.273,0.329,0.3,0.257
3/1/1980,0.226,0.244,0.259,0.246,0.097,0.31,0.317,0.308,0.227,0.342,0.325,0,0.284,0,0.319,0.355,0.291,0.253,0.292,0.266,0.083,0.254,0.304,0.456,0.322,0.242,0.277,0.33,0.316,0.263,0,0.252,0.257,0.267,0.517,0.284,0.311,0.246,0.281,0.312,0.303,0.296,0.267,0.509,0.286,0.226,0.26,0.323,0,0.256,0.384,0.369,0.261,0,0.27,0.265,0.295,0.277,0.244,0.283,0.405,0.289,0.264,0.288,0.228,0.262,0.3,0.424,0.27,0.258,0.283,0.353,0.246,0.431,0.256,0.282,0.382,0.305,0.25,0.282,0.291,0.264,0.358,0.284,0,0.284,0.256,0.261,0.277,0.267,0.255,0.281,0,0.29,0,0.275,0.273,0.274,0.33,0.3,0.259
3/2/1980,0.2238,0.24,0.273,0.239,0,0.273,0.308,0.31,0.223,0.336,0.334,0,0.279,0,0.316,0.342,0.276,0.249,0.284,0.259,0.042,0.25,0.292,0.368,0.299,0.24,0.275,0.316,0.323,0.254,0,0.247,0.268,0.27,0.508,0.284,0.313,0.243,0.277,0.299,0.301,0.284,0.251,0.503,0.282,0.22,0.256,0.326,0,0.252,0.271,0.345,0.262,0,0.262,0.261,0.289,0.271,0.246,0.276,0.417,0.279,0.261,0.288,0.223,0.25,0.299,0.413,0.245,0.253,0.277,0.349,0.243,0.394,0.25,0.277,0.395,0.294,0.249,0.277,0.287,0.261,0.349,0.275,0,0.276,0.248,0.257,0.273,0.263,0.247,0.266,0,0.26,0,0.253,0.265,0.263,0.32,0.299,0.253
3/3/1980,0.2148,0.224,0.223,0.26,0,0.299,0.3,0.303,0.234,0.34,0.333,0,0.263,0,0.315,0.352,0.294,0.262,0.293,0.264,0,0.262,0.262,0.377,0.297,0.25,0.279,0.324,0.297,0.228,0,0.253,0.2,0.251,0.404,0.28,0.317,0.25,0.283,0.271,0.306,0.267,0.251,0.46,0.281,0.233,0.256,0.307,0,0.26,0.249,0.316,0.263,0,0.236,0.26,0.288,0.275,0.255,0.278,0.381,0.286,0.265,0.301,0.23,0.276,0.287,0.383,0.232,0.264,0.283,0.348,0.248,0.345,0.269,0.273,0.352,0.3,0.262,0.291,0.282,0.27,0.35,0.268,0,0.259,0.256,0.291,0.273,0.182,0.252,0.269,0,0.27,0,0.235,0.25,0.276,0.325,0.299,0.241
3/4/1980,0.2193,0.207,0.165,0.304,0,0.276,0.296,0.314,0.258,0.345,0.343,0,0.253,0,0.321,0.379,0.304,0.292,0.315,0.294,0,0.277,0.218,0.286,0.252,0.272,0.298,0.332,0.291,0.195,0,0.266,0.078,0.235,0.152,0.309,0.339,0.267,0.3,0.24,0.329,0.229,0.234,0.336,0.29,0.259,0.261,0.262,0,0.284,0.074,0.219,0.269,0,0.16,0.271,0.304,0.281,0.278,0.278,0.35,0.303,0.316,0.332,0.249,0.29,0.269,0.285,0.175,0.288,0.293,0.338,0.261,0.23,0.288,0.276,0.28,0.297,0.283,0.306,0.259,0.289,0.364,0.269,0,0.24,0.264,0.368,0.279,0,0.261,0.271,0,0.219,0,0.152,0.205,0.304,0.354,0.304,0.218
3/5/1980,0.2171,0.207,0.185,0.322,0,0.279,0.29,0.312,0.258,0.323,0.318,0,0.261,0,0.303,0.371,0.294,0.291,0.314,0.305,0,0.282,0.219,0.293,0.248,0.266,0.291,0.311,0.337,0.188,0,0.26,0.037,0.239,0.077,0.338,0.327,0.257,0.289,0.28,0.32,0.225,0.212,0.311,0.283,0.257,0.256,0.234,0,0.281,0.061,0.182,0.267,0,0.132,0.262,0.303,0.261,0.267,0.263,0.397,0.292,0.354,0.321,0.239,0.289,0.259,0.255,0.165,0.285,0.276,0.318,0.252,0.236,0.295,0.271,0.257,0.297,0.275,0.293,0.25,0.28,0.36,0.269,0,0.233,0.275,0.372,0.264,0,0.251,0.269,0,0.207,0,0.137,0.194,0.304,0.367,0.288,0.205
3/6/1980,0.2238,0.235,0.317,0.288,0,0.32,0.297,0.28,0.225,0.295,0.287,0,0.295,0,0.278,0.307,0.267,0.246,0.285,0.281,0.086,0.277,0.281,0.428,0.314,0.23,0.265,0.278,0.418,0.233,0.025,0.241,0.184,0.262,0.36,0.333,0.294,0.224,0.257,0.371,0.297,0.283,0.217,0.443,0.263,0.216,0.25,0.287,0,0.25,0.28,0.286,0.269,0,0.218,0.244,0.279,0.229,0.228,0.25,0.541,0.254,0.342,0.275,0.206,0.267,0.28,0.344,0.237,0.259,0.246,0.31,0.225,0.398,0.284,0.254,0.334,0.313,0.241,0.259,0.281,0.249,0.333,0.268,0,0.25,0.273,0.289,0.237,0.152,0.225,0.259,0,0.274,0,0.243,0.249,0.265,0.35,0.267,0.23
3/7/1980,0.2126,0.252,0.369,0.253,0,0.286,0.312,0.282,0.213,0.299,0.293,0,0.308,0,0.281,0.291,0.246,0.229,0.273,0.267,0.245,0.249,0.309,0.411,0.316,0.221,0.26,0.274,0.439,0.264,0,0.235,0.282,0.269,0.545,0.318,0.287,0.218,0.248,0.385,0.291,0.297,0.222,0.505,0.265,0.202,0.246,0.322,0,0.242,0.267,0.339,0.265,0,0.25,0.246,0.271,0.224,0.219,0.247,0.574,0.249,0.311,0.258,0.201,0.243,0.295,0.393,0.245,0.247,0.243,0.316,0.219,0.442,0.256,0.255,0.407,0.302,0.231,0.25,0.286,0.242,0.329,0.274,0.135,0.273,0.255,0.249,0.236,0.283,0.221,0.249,0,0.261,0,0.266,0.26,0.245,0.342,0.268,0.246
3/8/1980,0.2193,0.242,0.352,0.245,0,0.285,0.305,0.283,0.217,0.306,0.302,0,0.293,0,0.285,0.292,0.251,0.231,0.269,0.255,0.202,0.24,0.283,0.382,0.306,0.226,0.259,0.275,0.418,0.245,0,0.233,0.276,0.254,0.557,0.299,0.285,0.221,0.244,0.352,0.285,0.275,0.218,0.5,0.263,0.208,0.239,0.323,0,0.239,0.196,0.335,0.263,0,0.243,0.241,0.263,0.225,0.226,0.247,0.547,0.249,0.282,0.26,0.2,0.26,0.291,0.402,0.228,0.245,0.249,0.326,0.223,0.402,0.258,0.251,0.416,0.297,0.239,0.26,0.283,0.244,0.327,0.264,0.109,0.266,0.254,0.255,0.232,0.279,0.222,0.239,0,0.253,0,0.252,0.246,0.245,0.332,0.269,0.242
3/9/1980,0.2238,0.247,0.349,0.238,0.044,0.315,0.308,0.285,0.219,0.315,0.297,0,0.298,0,0.292,0.299,0.261,0.233,0.272,0.251,0.231,0.235,0.289,0.439,0.318,0.226,0.26,0.288,0.41,0.252,0,0.237,0.294,0.255,0.605,0.294,0.282,0.224,0.247,0.352,0.282,0.28,0.231,0.526,0.266,0.214,0.244,0.329,0,0.241,0.277,0.36,0.261,0,0.256,0.243,0.263,0.234,0.227,0.253,0.536,0.257,0.269,0.258,0.204,0.269,0.294,0.43,0.246,0.248,0.257,0.335,0.224,0.425,0.257,0.256,0.421,0.3,0.24,0.268,0.284,0.245,0.334,0.271,0.148,0.279,0.257,0.25,0.236,0.309,0.231,0.247,0,0.278,0,0.273,0.256,0.251,0.332,0.272,0.248
3/10/1980,0.2641,0.249,0.319,0.244,0.18,0.367,0.319,0.284,0.225,0.331,0.297,0,0.302,0,0.306,0.322,0.287,0.241,0.283,0.257,0.247,0.243,0.296,0.544,0.344,0.231,0.266,0.313,0.385,0.259,0,0.246,0.281,0.25,0.61,0.289,0.285,0.232,0.258,0.354,0.288,0.29,0.256,0.533,0.274,0.227,0.253,0.326,0,0.246,0.416,0.391,0.262,0,0.268,0.25,0.275,0.248,0.229,0.267,0.5,0.275,0.262,0.264,0.213,0.289,0.296,0.448,0.278,0.256,0.27,0.349,0.23,0.455,0.267,0.265,0.406,0.315,0.246,0.28,0.288,0.252,0.346,0.281,0.141,0.29,0.27,0.256,0.245,0.31,0.246,0.266,0,0.319,0,0.296,0.265,0.265,0.34,0.279,0.258
3/11/1980,0.2484,0.248,0.315,0.243,0.166,0.354,0.324,0.291,0.226,0.337,0.31,0,0.302,0,0.313,0.33,0.288,0.245,0.285,0.26,0.221,0.246,0.297,0.522,0.339,0.234,0.271,0.319,0.377,0.26,0,0.247,0.283,0.254,0.597,0.29,0.292,0.236,0.263,0.349,0.296,0.289,0.258,0.527,0.279,0.228,0.256,0.327,0,0.248,0.402,0.389,0.265,0,0.269,0.254,0.281,0.253,0.233,0.273,0.492,0.281,0.262,0.269,0.216,0.284,0.298,0.446,0.276,0.256,0.275,0.355,0.234,0.445,0.264,0.267,0.41,0.315,0.249,0.279,0.29,0.256,0.349,0.284,0.131,0.29,0.27,0.258,0.25,0.303,0.248,0.267,0,0.308,0,0.289,0.266,0.265,0.341,0.285,0.259
3/12/1980,0.2327,0.223,0.293,0.257,0,0.314,0.309,0.289,0.234,0.332,0.328,0,0.279,0,0.311,0.319,0.282,0.253,0.285,0.258,0.078,0.252,0.246,0.395,0.3,0.242,0.274,0.306,0.362,0.217,0,0.243,0.227,0.235,0.473,0.283,0.302,0.238,0.259,0.306,0.3,0.25,0.231,0.46,0.272,0.232,0.247,0.313,0,0.25,0.196,0.326,0.269,0,0.228,0.247,0.276,0.243,0.247,0.266,0.485,0.275,0.263,0.284,0.216,0.29,0.284,0.389,0.224,0.258,0.273,0.351,0.237,0.334,0.273,0.253,0.386,0.305,0.259,0.281,0.279,0.261,0.334,0.262,0.014,0.256,0.266,0.29,0.241,0.208,0.239,0.242,0,0.26,0,0.23,0.228,0.262,0.336,0.285,0.24
3/13/1980,0.2148,0.236,0.339,0.248,0,0.315,0.309,0.286,0.224,0.323,0.313,0,0.295,0,0.304,0.302,0.27,0.242,0.277,0.252,0.163,0.247,0.271,0.415,0.309,0.232,0.266,0.294,0.395,0.237,0,0.239,0.276,0.252,0.545,0.294,0.291,0.229,0.252,0.342,0.292,0.268,0.229,0.505,0.268,0.222,0.25,0.323,0,0.244,0.251,0.344,0.265,0,0.246,0.242,0.269,0.234,0.233,0.259,0.536,0.265,0.272,0.27,0.209,0.276,0.289,0.409,0.237,0.253,0.261,0.343,0.225,0.38,0.263,0.251,0.405,0.303,0.246,0.272,0.281,0.251,0.327,0.266,0.13,0.267,0.261,0.265,0.238,0.264,0.232,0.241,0,0.271,0,0.256,0.247,0.252,0.332,0.277,0.244
3/14/1980,0.2305,0.235,0.31,0.256,0.023,0.367,0.317,0.279,0.228,0.33,0.307,0,0.297,0,0.31,0.319,0.291,0.246,0.286,0.258,0.201,0.254,0.277,0.515,0.335,0.234,0.267,0.31,0.379,0.24,0,0.245,0.253,0.243,0.538,0.291,0.288,0.232,0.257,0.352,0.294,0.276,0.248,0.509,0.271,0.229,0.253,0.315,0,0.248,0.369,0.368,0.266,0,0.25,0.244,0.277,0.24,0.231,0.268,0.51,0.277,0.269,0.271,0.213,0.294,0.287,0.417,0.263,0.257,0.266,0.35,0.228,0.407,0.275,0.253,0.386,0.317,0.25,0.281,0.284,0.255,0.334,0.273,0.134,0.272,0.272,0.27,0.242,0.254,0.242,0.256,0,0.308,0,0.276,0.252,0.263,0.341,0.277,0.248
3/15/1980,0.2215,0.235,0.312,0.26,0.021,0.363,0.325,0.281,0.231,0.334,0.316,0,0.299,0,0.316,0.323,0.293,0.249,0.29,0.264,0.208,0.259,0.279,0.515,0.335,0.237,0.272,0.315,0.382,0.243,0,0.246,0.249,0.244,0.527,0.294,0.293,0.235,0.26,0.358,0.302,0.277,0.25,0.504,0.276,0.23,0.255,0.315,0,0.251,0.369,0.368,0.269,0,0.25,0.248,0.284,0.241,0.234,0.272,0.516,0.282,0.276,0.275,0.216,0.293,0.289,0.411,0.264,0.258,0.269,0.353,0.232,0.407,0.276,0.254,0.389,0.322,0.252,0.28,0.286,0.258,0.336,0.277,0.145,0.272,0.273,0.272,0.243,0.246,0.243,0.257,0,0.304,0,0.274,0.251,0.264,0.348,0.28,0.25
3/16/1980,0.2148,0.212,0.331,0.256,0,0.25,0.297,0.286,0.23,0.316,0.335,0,0.272,0,0.303,0.292,0.258,0.247,0.272,0.248,0.066,0.245,0.225,0.257,0.264,0.238,0.266,0.273,0.387,0.197,0,0.23,0.235,0.234,0.452,0.286,0.297,0.228,0.242,0.311,0.29,0.226,0.197,0.444,0.259,0.223,0.231,0.309,0,0.243,0,0.283,0.269,0,0.203,0.232,0.262,0.215,0.243,0.251,0.542,0.255,0.265,0.278,0.206,0.276,0.276,0.35,0.178,0.249,0.253,0.343,0.226,0.273,0.266,0.233,0.397,0.289,0.256,0.27,0.268,0.252,0.309,0.244,0.097,0.234,0.256,0.286,0.227,0.188,0.219,0.211,0,0.199,0,0.19,0.204,0.244,0.326,0.274,0.225
3/17/1980,0.2193,0.24,0.392,0.229,0,0.269,0.302,0.292,0.214,0.309,0.31,0,0.3,0,0.295,0.281,0.242,0.229,0.263,0.239,0.226,0.228,0.277,0.334,0.291,0.222,0.255,0.267,0.433,0.242,0,0.229,0.33,0.265,0.621,0.298,0.278,0.218,0.236,0.364,0.28,0.265,0.207,0.545,0.258,0.21,0.241,0.332,0,0.235,0.147,0.336,0.261,0,0.248,0.231,0.254,0.216,0.224,0.244,0.597,0.246,0.266,0.254,0.197,0.257,0.291,0.42,0.217,0.246,0.247,0.336,0.215,0.373,0.243,0.242,0.442,0.286,0.238,0.264,0.274,0.238,0.311,0.261,0.273,0.267,0.248,0.244,0.232,0.31,0.218,0.22,0,0.24,0,0.252,0.251,0.235,0.323,0.265,0.239
3/18/1980,0.235,0.234,0.346,0.227,0,0.314,0.3,0.288,0.219,0.318,0.301,0,0.292,0,0.3,0.301,0.263,0.234,0.265,0.234,0.228,0.225,0.271,0.406,0.306,0.225,0.252,0.282,0.398,0.236,0,0.233,0.308,0.25,0.623,0.282,0.272,0.222,0.239,0.347,0.271,0.262,0.225,0.554,0.259,0.221,0.241,0.323,0,0.233,0.225,0.355,0.257,0,0.248,0.229,0.254,0.226,0.225,0.251,0.541,0.254,0.241,0.253,0.2,0.279,0.286,0.441,0.232,0.249,0.255,0.345,0.218,0.381,0.251,0.245,0.426,0.29,0.243,0.277,0.272,0.241,0.319,0.259,0.246,0.271,0.257,0.249,0.236,0.305,0.23,0.232,0,0.27,0,0.263,0.251,0.246,0.32,0.267,0.24
3/19/1980,0.2462,0.221,0.304,0.243,0,0.355,0.299,0.28,0.23,0.329,0.304,0,0.281,0,0.307,0.313,0.287,0.245,0.274,0.237,0.178,0.236,0.248,0.452,0.316,0.234,0.258,0.299,0.366,0.217,0,0.238,0.26,0.229,0.561,0.273,0.277,0.229,0.245,0.326,0.275,0.25,0.236,0.525,0.261,0.234,0.241,0.311,0,0.239,0.256,0.353,0.259,0,0.235,0.23,0.258,0.234,0.233,0.259,0.504,0.266,0.233,0.264,0.207,0.305,0.277,0.426,0.237,0.256,0.263,0.354,0.224,0.356,0.27,0.243,0.394,0.3,0.253,0.291,0.272,0.249,0.324,0.255,0.18,0.261,0.27,0.272,0.236,0.256,0.239,0.239,0,0.291,0,0.257,0.237,0.259,0.323,0.271,0.237
3/20/1980,0.2574,0.235,0.335,0.234,0.046,0.338,0.308,0.288,0.224,0.329,0.306,0,0.297,0,0.31,0.313,0.277,0.241,0.274,0.243,0.222,0.234,0.279,0.449,0.318,0.23,0.26,0.299,0.387,0.243,0,0.239,0.302,0.25,0.608,0.286,0.279,0.229,0.249,0.351,0.282,0.27,0.24,0.548,0.268,0.228,0.248,0.322,0,0.24,0.293,0.369,0.26,0,0.253,0.238,0.265,0.237,0.229,0.261,0.53,0.268,0.247,0.26,0.208,0.285,0.288,0.44,0.25,0.254,0.263,0.353,0.224,0.393,0.256,0.251,0.416,0.3,0.248,0.282,0.277,0.247,0.328,0.267,0.245,0.277,0.265,0.254,0.243,0.3,0.239,0.245,0,0.289,0,0.273,0.255,0.254,0.327,0.274,0.246
3/21/1980,0.2663,0.23,0.312,0.235,0.042,0.35,0.31,0.289,0.225,0.332,0.307,0,0.291,0,0.313,0.326,0.285,0.243,0.276,0.243,0.21,0.237,0.277,0.467,0.324,0.232,0.26,0.306,0.368,0.241,0,0.24,0.286,0.244,0.588,0.279,0.279,0.231,0.251,0.345,0.281,0.269,0.247,0.545,0.268,0.231,0.247,0.316,0,0.24,0.314,0.374,0.259,0,0.25,0.237,0.269,0.242,0.229,0.265,0.501,0.272,0.239,0.262,0.21,0.291,0.285,0.443,0.254,0.254,0.266,0.357,0.226,0.39,0.259,0.252,0.407,0.302,0.25,0.286,0.276,0.249,0.331,0.267,0.219,0.275,0.268,0.256,0.246,0.286,0.242,0.25,0,0.294,0,0.272,0.254,0.258,0.327,0.275,0.246
3/22/1980,0.2685,0.226,0.299,0.24,0.012,0.36,0.313,0.289,0.228,0.336,0.311,0,0.289,0,0.317,0.335,0.292,0.247,0.28,0.246,0.195,0.243,0.274,0.478,0.328,0.235,0.263,0.313,0.359,0.238,0,0.242,0.27,0.242,0.558,0.279,0.282,0.235,0.254,0.343,0.286,0.268,0.251,0.537,0.27,0.234,0.249,0.312,0,0.243,0.328,0.375,0.26,0,0.246,0.238,0.274,0.245,0.231,0.269,0.489,0.278,0.241,0.266,0.213,0.296,0.282,0.438,0.257,0.255,0.269,0.361,0.23,0.384,0.263,0.252,0.4,0.307,0.254,0.289,0.277,0.253,0.333,0.268,0.196,0.271,0.27,0.262,0.248,0.266,0.245,0.254,0,0.299,0,0.27,0.253,0.262,0.331,0.277,0.245
3/23/1980,0.2574,0.23,0.328,0.228,0,0.312,0.31,0.298,0.221,0.33,0.318,0,0.291,0,0.314,0.327,0.272,0.241,0.272,0.243,0.192,0.235,0.284,0.396,0.309,0.23,0.261,0.3,0.376,0.246,0,0.238,0.303,0.257,0.578,0.285,0.284,0.232,0.251,0.349,0.284,0.269,0.239,0.547,0.27,0.225,0.247,0.32,0,0.239,0.247,0.364,0.26,0,0.248,0.238,0.271,0.241,0.229,0.264,0.511,0.27,0.245,0.261,0.209,0.274,0.287,0.439,0.24,0.249,0.263,0.357,0.227,0.375,0.248,0.252,0.424,0.295,0.25,0.28,0.275,0.248,0.327,0.267,0.229,0.272,0.259,0.247,0.249,0.289,0.237,0.245,0,0.265,0,0.258,0.256,0.25,0.325,0.277,0.244
3/24/1980,0.2462,0.225,0.316,0.224,0,0.313,0.303,0.299,0.22,0.327,0.314,0,0.284,0,0.312,0.331,0.272,0.241,0.269,0.236,0.177,0.232,0.278,0.386,0.306,0.229,0.257,0.297,0.365,0.24,0,0.236,0.297,0.254,0.571,0.279,0.279,0.23,0.249,0.34,0.277,0.263,0.237,0.553,0.266,0.225,0.244,0.317,0,0.235,0.233,0.361,0.256,0,0.243,0.233,0.267,0.241,0.228,0.262,0.495,0.267,0.235,0.259,0.206,0.277,0.282,0.445,0.235,0.247,0.262,0.357,0.225,0.363,0.247,0.25,0.421,0.29,0.249,0.284,0.271,0.246,0.325,0.262,0.215,0.267,0.258,0.245,0.248,0.284,0.236,0.245,0,0.264,0,0.253,0.255,0.25,0.318,0.274,0.239
3/25/1980,0.2238,0.125,0.065,0.302,0,0.119,0.246,0.327,0.294,0.349,0.331,0,0.171,0,0.331,0.397,0.285,0.321,0.309,0.26,0,0.193,0.057,0,0.087,0.295,0.289,0.324,0.195,0.064,0,0.245,0,0.135,0,0.255,0.32,0.275,0.266,0.132,0.261,0.05,0.162,0.193,0.255,0.299,0.186,0.165,0,0.274,0,0.073,0.232,0,0,0.223,0.278,0.249,0.302,0.246,0.244,0.31,0.213,0.336,0.252,0.284,0.187,0.149,0,0.292,0.281,0.353,0.26,0,0.245,0.236,0.235,0.194,0.295,0.33,0.16,0.288,0.341,0.193,0,0.175,0.232,0.46,0.244,0,0.258,0.204,0,0,0,0,0.013,0.313,0.321,0.291,0.155
3/26/1980,0.235,0.253,0.442,0.239,0,0.288,0.308,0.284,0.214,0.306,0.305,0,0.324,0,0.296,0.272,0.243,0.231,0.267,0.25,0.239,0.238,0.301,0.357,0.302,0.219,0.259,0.267,0.476,0.261,0,0.234,0.356,0.284,0.608,0.33,0.28,0.216,0.242,0.421,0.293,0.286,0.214,0.542,0.259,0.211,0.253,0.331,0,0.239,0.195,0.342,0.266,0,0.25,0.237,0.264,0.213,0.217,0.242,0.683,0.244,0.304,0.247,0.197,0.253,0.289,0.413,0.233,0.25,0.238,0.329,0.207,0.403,0.245,0.243,0.435,0.292,0.233,0.259,0.275,0.235,0.306,0.271,0.379,0.276,0.256,0.242,0.231,0.32,0.218,0.229,0,0.257,0.011,0.263,0.264,0.235,0.333,0.261,0.24
3/27/1980,0.2462,0.229,0.354,0.232,0,0.323,0.304,0.279,0.217,0.312,0.297,0,0.294,0,0.297,0.302,0.265,0.233,0.264,0.238,0.248,0.23,0.279,0.407,0.309,0.222,0.249,0.279,0.411,0.24,0,0.233,0.3,0.251,0.589,0.294,0.266,0.218,0.236,0.377,0.273,0.266,0.226,0.549,0.256,0.22,0.241,0.311,0,0.233,0.222,0.354,0.259,0,0.233,0.226,0.258,0.218,0.214,0.248,0.568,0.25,0.254,0.243,0.197,0.28,0.277,0.431,0.23,0.243,0.241,0.34,0.21,0.383,0.253,0.237,0.423,0.292,0.242,0.274,0.267,0.237,0.309,0.26,0.31,0.265,0.261,0.243,0.233,0.288,0.227,0.234,0,0.268,0,0.255,0.25,0.241,0.324,0.259,0.233
3/28/1980,0.2506,0.222,0.34,0.223,0,0.312,0.299,0.285,0.218,0.314,0.3,0,0.284,0,0.298,0.306,0.263,0.233,0.26,0.232,0.225,0.224,0.271,0.382,0.301,0.223,0.248,0.279,0.394,0.233,0,0.23,0.299,0.246,0.595,0.283,0.265,0.22,0.235,0.356,0.266,0.257,0.223,0.553,0.256,0.221,0.237,0.312,0,0.23,0.194,0.352,0.255,0,0.23,0.223,0.252,0.221,0.218,0.248,0.542,0.251,0.237,0.243,0.197,0.28,0.276,0.437,0.223,0.24,0.246,0.344,0.214,0.365,0.248,0.237,0.43,0.286,0.244,0.275,0.265,0.237,0.312,0.257,0.296,0.262,0.258,0.239,0.233,0.288,0.226,0.231,0,0.258,0,0.248,0.246,0.241,0.317,0.261,0.231
3/29/1980,0.2462,0.219,0.322,0.225,0,0.335,0.299,0.287,0.221,0.32,0.299,0,0.281,0,0.303,0.318,0.275,0.237,0.263,0.232,0.212,0.226,0.268,0.412,0.309,0.227,0.25,0.289,0.379,0.23,0,0.233,0.288,0.241,0.581,0.278,0.266,0.224,0.239,0.349,0.266,0.256,0.232,0.555,0.257,0.227,0.239,0.309,0,0.232,0.231,0.36,0.254,0,0.23,0.224,0.255,0.229,0.22,0.253,0.52,0.258,0.23,0.246,0.2,0.292,0.274,0.444,0.23,0.244,0.252,0.351,0.218,0.363,0.253,0.239,0.422,0.29,0.248,0.285,0.265,0.24,0.317,0.258,0.277,0.262,0.263,0.244,0.237,0.279,0.233,0.238,0,0.273,0,0.253,0.247,0.248,0.317,0.264,0.231
3/30/1980,0.2462,0.19,0.265,0.257,0,0.342,0.29,0.279,0.239,0.326,0.313,0,0.255,0,0.311,0.329,0.296,0.256,0.275,0.238,0.085,0.241,0.211,0.36,0.286,0.243,0.259,0.297,0.338,0.181,0,0.236,0.189,0.208,0.415,0.269,0.278,0.234,0.243,0.307,0.271,0.213,0.225,0.467,0.253,0.244,0.23,0.28,0,0.243,0.097,0.309,0.258,0,0.178,0.22,0.259,0.225,0.236,0.254,0.48,0.268,0.229,0.268,0.21,0.321,0.252,0.377,0.192,0.256,0.255,0.357,0.226,0.26,0.278,0.227,0.369,0.292,0.266,0.302,0.254,0.252,0.314,0.241,0.154,0.23,0.272,0.296,0.231,0.152,0.237,0.229,0,0.251,0,0.197,0.2,0.263,0.32,0.267,0.214
3/31/1980,0.2462,0.197,0.305,0.264,0,0.331,0.291,0.273,0.237,0.317,0.311,0,0.268,0,0.306,0.307,0.287,0.252,0.275,0.243,0.109,0.248,0.22,0.351,0.286,0.238,0.259,0.285,0.369,0.186,0,0.232,0.206,0.218,0.419,0.284,0.277,0.228,0.24,0.338,0.274,0.221,0.216,0.456,0.25,0.238,0.23,0.284,0,0.243,0.1,0.302,0.261,0,0.182,0.22,0.26,0.213,0.232,0.25,0.54,0.26,0.251,0.265,0.206,0.311,0.254,0.36,0.195,0.253,0.244,0.35,0.219,0.276,0.279,0.223,0.368,0.295,0.259,0.292,0.256,0.248,0.305,0.242,0.215,0.23,0.273,0.289,0.225,0.16,0.229,0.224,0,0.247,0,0.202,0.202,0.257,0.324,0.262,0.215
4/1/1980,0.2506,0.223,0.357,0.246,0,0.338,0.308,0.275,0.226,0.316,0.305,0,0.295,0,0.306,0.299,0.278,0.239,0.272,0.247,0.246,0.242,0.273,0.419,0.312,0.227,0.256,0.283,0.412,0.231,0,0.233,0.28,0.243,0.544,0.297,0.272,0.222,0.24,0.389,0.281,0.261,0.23,0.517,0.257,0.227,0.24,0.307,0,0.239,0.233,0.351,0.262,0,0.224,0.228,0.264,0.214,0.219,0.252,0.591,0.258,0.264,0.249,0.201,0.294,0.272,0.405,0.233,0.247,0.24,0.347,0.213,0.369,0.265,0.232,0.408,0.303,0.247,0.282,0.268,0.241,0.308,0.262,0.345,0.258,0.269,0.253,0.232,0.258,0.229,0.235,0,0.274,0,0.252,0.24,0.248,0.333,0.26,0.233
4/2/1980,0.2574,0.225,0.354,0.23,0,0.318,0.311,0.283,0.222,0.315,0.305,0,0.292,0,0.306,0.308,0.271,0.234,0.266,0.242,0.272,0.231,0.283,0.394,0.307,0.224,0.252,0.282,0.408,0.241,0,0.23,0.298,0.248,0.583,0.29,0.268,0.221,0.237,0.384,0.275,0.262,0.23,0.541,0.258,0.224,0.238,0.311,0,0.234,0.211,0.361,0.259,0,0.229,0.228,0.261,0.217,0.217,0.251,0.571,0.257,0.249,0.243,0.199,0.286,0.277,0.429,0.229,0.241,0.242,0.35,0.214,0.377,0.252,0.235,0.435,0.296,0.246,0.28,0.266,0.238,0.311,0.264,0.364,0.264,0.262,0.238,0.235,0.285,0.228,0.235,0,0.259,0,0.251,0.246,0.244,0.329,0.261,0.234
4/3/1980,0.2574,0.218,0.34,0.222,0,0.309,0.305,0.289,0.222,0.316,0.306,0,0.281,0,0.306,0.315,0.27,0.235,0.261,0.234,0.243,0.225,0.272,0.36,0.298,0.225,0.25,0.28,0.394,0.231,0,0.228,0.292,0.244,0.576,0.281,0.266,0.221,0.235,0.365,0.266,0.25,0.225,0.549,0.255,0.226,0.234,0.309,0,0.23,0.161,0.356,0.255,0,0.221,0.222,0.254,0.219,0.219,0.25,0.547,0.255,0.233,0.241,0.197,0.29,0.274,0.439,0.216,0.238,0.244,0.354,0.216,0.351,0.249,0.233,0.443,0.289,0.249,0.285,0.262,0.238,0.312,0.258,0.341,0.258,0.26,0.237,0.235,0.277,0.228,0.23,0,0.246,0,0.239,0.241,0.244,0.321,0.261,0.229
4/4/1980,0.2663,0.213,0.312,0.234,0,0.359,0.307,0.287,0.231,0.326,0.303,0,0.278,0,0.314,0.333,0.295,0.244,0.271,0.238,0.235,0.235,0.265,0.427,0.316,0.232,0.255,0.297,0.375,0.223,0,0.235,0.261,0.234,0.536,0.279,0.268,0.228,0.242,0.362,0.268,0.248,0.242,0.544,0.257,0.238,0.239,0.3,0,0.236,0.231,0.368,0.256,0,0.217,0.224,0.261,0.229,0.223,0.258,0.522,0.268,0.232,0.247,0.204,0.315,0.268,0.444,0.23,0.246,0.252,0.364,0.221,0.351,0.266,0.236,0.422,0.301,0.257,0.302,0.263,0.245,0.321,0.261,0.315,0.257,0.272,0.253,0.238,0.249,0.239,0.243,0,0.277,0,0.247,0.24,0.26,0.327,0.265,0.23
4/5/1980,0.2551,0.218,0.309,0.254,0,0.404,0.324,0.286,0.239,0.336,0.313,0,0.291,0,0.328,0.35,0.317,0.253,0.286,0.255,0.248,0.258,0.276,0.493,0.338,0.24,0.267,0.316,0.379,0.231,0,0.245,0.243,0.239,0.488,0.292,0.279,0.237,0.255,0.384,0.288,0.26,0.262,0.528,0.267,0.246,0.252,0.298,0,0.248,0.316,0.384,0.264,0,0.223,0.235,0.281,0.237,0.226,0.27,0.532,0.285,0.255,0.257,0.213,0.332,0.271,0.44,0.254,0.254,0.26,0.372,0.228,0.372,0.283,0.243,0.408,0.325,0.265,0.312,0.272,0.255,0.331,0.276,0.317,0.263,0.286,0.263,0.244,0.224,0.25,0.26,0,0.31,0,0.265,0.25,0.272,0.345,0.272,0.237
4/6/1980,0.2506,0.214,0.321,0.264,0,0.366,0.328,0.29,0.245,0.335,0.331,0,0.292,0,0.333,0.348,0.311,0.258,0.291,0.264,0.215,0.265,0.266,0.416,0.316,0.246,0.274,0.312,0.387,0.223,0,0.243,0.229,0.242,0.424,0.301,0.291,0.24,0.258,0.385,0.3,0.25,0.252,0.488,0.268,0.246,0.251,0.293,0,0.253,0.214,0.355,0.269,0,0.205,0.239,0.289,0.231,0.234,0.269,0.553,0.286,0.273,0.266,0.216,0.323,0.269,0.407,0.232,0.255,0.258,0.373,0.232,0.335,0.282,0.24,0.407,0.323,0.269,0.309,0.268,0.259,0.327,0.274,0.308,0.253,0.281,0.275,0.242,0.185,0.246,0.252,0,0.275,0,0.234,0.236,0.27,0.352,0.274,0.232
4/7/1980,0.2417,0.186,0.295,0.277,0,0.276,0.301,0.291,0.258,0.325,0.341,0,0.261,0,0.328,0.335,0.297,0.269,0.288,0.259,0.086,0.254,0.203,0.222,0.246,0.255,0.273,0.291,0.357,0.169,0,0.232,0.164,0.217,0.288,0.29,0.296,0.242,0.25,0.338,0.287,0.193,0.213,0.398,0.253,0.254,0.224,0.265,0,0.251,0,0.268,0.265,0,0.135,0.226,0.282,0.212,0.25,0.258,0.532,0.275,0.261,0.279,0.216,0.313,0.246,0.329,0.151,0.256,0.248,0.37,0.231,0.2,0.278,0.223,0.374,0.293,0.273,0.308,0.241,0.26,0.312,0.242,0.231,0.215,0.271,0.314,0.229,0.082,0.235,0.222,0,0.175,0,0.133,0.171,0.271,0.339,0.272,0.208
4/8/1980,0.2305,0.24,0.421,0.236,0,0.293,0.323,0.291,0.228,0.315,0.323,0,0.316,0,0.316,0.304,0.268,0.238,0.274,0.255,0.301,0.242,0.302,0.335,0.299,0.227,0.263,0.275,0.459,0.256,0,0.232,0.334,0.274,0.566,0.318,0.28,0.223,0.244,0.432,0.295,0.272,0.228,0.524,0.261,0.226,0.247,0.322,0,0.241,0.153,0.358,0.267,0,0.232,0.237,0.276,0.211,0.221,0.253,0.663,0.257,0.286,0.243,0.201,0.282,0.283,0.425,0.224,0.244,0.237,0.356,0.214,0.377,0.254,0.239,0.457,0.303,0.247,0.286,0.269,0.24,0.311,0.276,0.465,0.269,0.266,0.238,0.237,0.296,0.226,0.235,0,0.241,0.039,0.245,0.255,0.247,0.345,0.263,0.238
4/9/1980,0.2551,0.224,0.352,0.241,0,0.347,0.321,0.283,0.237,0.325,0.316,0,0.296,0,0.321,0.333,0.3,0.246,0.278,0.25,0.293,0.245,0.278,0.4,0.312,0.234,0.261,0.292,0.41,0.233,0,0.236,0.275,0.247,0.518,0.296,0.274,0.227,0.244,0.401,0.283,0.254,0.244,0.524,0.259,0.24,0.243,0.304,0,0.24,0.192,0.369,0.264,0,0.213,0.23,0.275,0.218,0.223,0.261,0.582,0.268,0.255,0.244,0.204,0.319,0.272,0.439,0.226,0.245,0.245,0.37,0.219,0.357,0.272,0.235,0.437,0.311,0.258,0.308,0.264,0.246,0.318,0.27,0.405,0.26,0.278,0.253,0.236,0.252,0.239,0.244,0,0.263,0,0.239,0.243,0.262,0.343,0.265,0.234
4/10/1980,0.2506,0.194,0.316,0.254,0,0.291,0.3,0.282,0.252,0.325,0.332,0,0.264,0,0.323,0.327,0.298,0.259,0.277,0.244,0.163,0.24,0.216,0.25,0.258,0.246,0.264,0.283,0.372,0.181,0,0.229,0.213,0.219,0.392,0.28,0.282,0.233,0.241,0.345,0.274,0.201,0.217,0.451,0.249,0.251,0.223,0.283,0,0.241,0,0.301,0.261,0,0.157,0.221,0.267,0.209,0.24,0.256,0.547,0.265,0.239,0.26,0.207,0.325,0.252,0.379,0.162,0.248,0.244,0.374,0.225,0.229,0.276,0.22,0.411,0.292,0.27,0.316,0.244,0.25,0.309,0.243,0.317,0.225,0.273,0.29,0.226,0.157,0.232,0.22,0,0.193,0,0.158,0.189,0.264,0.33,0.265,0.213
4/11/1980,0.235,0.237,0.398,0.233,0,0.33,0.323,0.29,0.234,0.323,0.317,0,0.311,0,0.321,0.322,0.287,0.241,0.276,0.251,0.314,0.24,0.299,0.376,0.308,0.23,0.263,0.285,0.442,0.252,0,0.236,0.323,0.266,0.563,0.309,0.275,0.226,0.246,0.425,0.287,0.267,0.241,0.536,0.262,0.237,0.249,0.318,0,0.241,0.195,0.375,0.264,0,0.229,0.236,0.275,0.219,0.222,0.259,0.631,0.264,0.271,0.239,0.203,0.306,0.28,0.45,0.231,0.245,0.243,0.366,0.217,0.376,0.261,0.24,0.458,0.308,0.254,0.304,0.266,0.242,0.319,0.279,0.476,0.273,0.275,0.239,0.239,0.295,0.235,0.244,0,0.262,0.051,0.251,0.257,0.256,0.344,0.264,0.239
4/12/1980,0.2462,0.233,0.357,0.23,0,0.36,0.33,0.295,0.237,0.331,0.314,0,0.304,0,0.328,0.352,0.304,0.245,0.279,0.251,0.335,0.242,0.304,0.42,0.322,0.233,0.263,0.3,0.414,0.254,0,0.239,0.3,0.26,0.546,0.299,0.271,0.23,0.25,0.417,0.282,0.268,0.259,0.548,0.265,0.244,0.25,0.309,0,0.24,0.251,0.397,0.262,0,0.227,0.235,0.281,0.23,0.22,0.267,0.575,0.275,0.254,0.237,0.206,0.321,0.279,0.474,0.242,0.244,0.249,0.377,0.221,0.388,0.266,0.245,0.46,0.314,0.259,0.317,0.266,0.246,0.331,0.283,0.461,0.276,0.282,0.237,0.246,0.286,0.246,0.257,0,0.276,0.037,0.256,0.261,0.265,0.346,0.268,0.241
4/13/1980,0.2395,0.229,0.351,0.227,0,0.346,0.333,0.308,0.24,0.335,0.323,0,0.3,0,0.335,0.369,0.305,0.249,0.28,0.253,0.318,0.242,0.306,0.379,0.314,0.237,0.267,0.305,0.406,0.254,0,0.239,0.298,0.263,0.523,0.298,0.276,0.236,0.254,0.412,0.282,0.264,0.261,0.545,0.268,0.247,0.25,0.309,0,0.241,0.208,0.396,0.262,0,0.222,0.237,0.286,0.237,0.225,0.271,0.56,0.281,0.252,0.24,0.209,0.32,0.279,0.481,0.233,0.244,0.254,0.386,0.228,0.37,0.263,0.249,0.473,0.311,0.264,0.323,0.265,0.248,0.339,0.284,0.456,0.274,0.282,0.237,0.252,0.277,0.249,0.259,0,0.259,0.001,0.244,0.26,0.269,0.347,0.273,0.241
4/14/1980,0.2596,0.239,0.351,0.235,0,0.386,0.35,0.321,0.246,0.349,0.329,0,0.314,0,0.351,0.401,0.327,0.257,0.292,0.266,0.355,0.255,0.331,0.443,0.34,0.244,0.278,0.327,0.409,0.273,0,0.25,0.301,0.275,0.512,0.309,0.284,0.245,0.268,0.437,0.295,0.282,0.287,0.559,0.278,0.256,0.264,0.312,0,0.249,0.303,0.428,0.267,0,0.237,0.248,0.306,0.253,0.227,0.285,0.557,0.3,0.266,0.244,0.218,0.336,0.287,0.505,0.261,0.251,0.265,0.4,0.237,0.405,0.273,0.262,0.478,0.328,0.272,0.34,0.274,0.257,0.357,0.302,0.479,0.288,0.294,0.238,0.265,0.283,0.265,0.282,0,0.29,0.016,0.269,0.281,0.285,0.362,0.282,0.252
4/15/1980,0.2932,0.259,0.364,0.25,0.074,0.438,0.386,0.343,0.256,0.37,0.351,0,0.343,0,0.378,0.446,0.358,0.27,0.315,0.294,0.422,0.284,0.376,0.534,0.379,0.255,0.299,0.359,0.425,0.309,0.076,0.267,0.315,0.302,0.503,0.334,0.303,0.261,0.292,0.484,0.325,0.316,0.325,0.584,0.3,0.268,0.29,0.323,0,0.267,0.438,0.476,0.28,0,0.269,0.271,0.343,0.276,0.23,0.309,0.568,0.331,0.299,0.254,0.234,0.356,0.304,0.537,0.309,0.261,0.282,0.423,0.252,0.47,0.29,0.285,0.496,0.361,0.286,0.359,0.295,0.273,0.384,0.336,0.521,0.313,0.314,0.236,0.287,0.296,0.286,0.316,0,0.335,0.046,0.311,0.321,0.307,0.394,0.301,0.273
4/16/1980,0.3155,0.26,0.379,0.252,0,0.382,0.401,0.374,0.266,0.383,0.382,0,0.347,0,0.398,0.473,0.357,0.283,0.324,0.308,0.415,0.285,0.385,0.432,0.354,0.266,0.315,0.369,0.432,0.316,0,0.27,0.322,0.32,0.464,0.346,0.324,0.273,0.304,0.489,0.341,0.314,0.328,0.574,0.312,0.274,0.292,0.33,0,0.273,0.319,0.463,0.287,0,0.263,0.284,0.364,0.287,0.245,0.319,0.573,0.347,0.313,0.267,0.243,0.347,0.313,0.535,0.288,0.268,0.294,0.441,0.269,0.441,0.281,0.295,0.527,0.356,0.298,0.369,0.298,0.282,0.399,0.343,0.528,0.312,0.308,0.248,0.301,0.284,0.293,0.317,0,0.285,0,0.28,0.323,0.316,0.407,0.317,0.277
4/17/1980,0.329,0.274,0.401,0.261,0,0.389,0.423,0.395,0.277,0.4,0.404,0,0.366,0,0.42,0.503,0.377,0.296,0.34,0.327,0.454,0.299,0.409,0.443,0.364,0.277,0.334,0.388,0.451,0.335,0.064,0.282,0.337,0.342,0.456,0.366,0.343,0.286,0.322,0.517,0.362,0.33,0.349,0.592,0.326,0.285,0.307,0.341,0,0.286,0.332,0.483,0.297,0,0.276,0.301,0.39,0.303,0.254,0.336,0.592,0.368,0.337,0.278,0.256,0.36,0.327,0.555,0.303,0.277,0.308,0.463,0.283,0.462,0.29,0.311,0.55,0.37,0.31,0.388,0.31,0.294,0.419,0.364,0.56,0.327,0.318,0.254,0.317,0.292,0.308,0.335,0,0.29,0.009,0.289,0.344,0.335,0.427,0.334,0.29
4/18/1980,0.3737,0.311,0.444,0.285,0.133,0.46,0.476,0.424,0.292,0.43,0.438,0,0.416,0,0.458,0.557,0.42,0.315,0.373,0.367,0.559,0.34,0.471,0.574,0.419,0.294,0.367,0.43,0.496,0.388,0.53,0.309,0.376,0.388,0.474,0.411,0.374,0.308,0.356,0.588,0.41,0.382,0.4,0.65,0.358,0.302,0.349,0.367,0,0.313,0.504,0.548,0.322,0,0.33,0.335,0.44,0.333,0.26,0.37,0.637,0.408,0.392,0.293,0.277,0.394,0.359,0.606,0.371,0.294,0.334,0.496,0.304,0.559,0.32,0.344,0.584,0.42,0.331,0.418,0.346,0.319,0.455,0.416,0.631,0.368,0.348,0.251,0.346,0.326,0.337,0.379,0,0.359,0.08,0.355,0.409,0.367,0.474,0.362,0.324
4/19/1980,0.461,0.367,0.532,0.32,0.311,0.53,0.558,0.479,0.316,0.479,0.507,0,0.495,0,0.519,0.63,0.474,0.348,0.423,0.431,0.69,0.401,0.562,0.703,0.484,0.324,0.421,0.488,0.579,0.467,0.997,0.351,0.449,0.466,0.508,0.485,0.431,0.344,0.41,0.69,0.493,0.457,0.466,0.736,0.411,0.327,0.414,0.416,0,0.356,0.675,0.628,0.364,0,0.413,0.393,0.519,0.377,0.274,0.42,0.73,0.47,0.484,0.322,0.31,0.436,0.413,0.677,0.457,0.321,0.374,0.546,0.34,0.686,0.359,0.395,0.653,0.49,0.367,0.456,0.402,0.36,0.507,0.494,0.732,0.426,0.387,0.25,0.392,0.378,0.378,0.435,0,0.436,0.169,0.443,0.507,0.411,0.546,0.409,0.374
4/20/1980,0.5997,0.446,0.667,0.37,0.498,0.604,0.663,0.561,0.35,0.548,0.607,0,0.603,0,0.605,0.725,0.541,0.397,0.491,0.517,0.85,0.478,0.678,0.832,0.561,0.367,0.498,0.564,0.703,0.57,1.435,0.41,0.557,0.573,0.564,0.588,0.514,0.394,0.483,0.822,0.608,0.554,0.55,0.853,0.485,0.363,0.501,0.49,0,0.415,0.846,0.726,0.424,0,0.526,0.474,0.626,0.438,0.297,0.487,0.874,0.554,0.611,0.363,0.358,0.49,0.49,0.772,0.558,0.361,0.432,0.617,0.391,0.835,0.411,0.467,0.753,0.576,0.418,0.511,0.479,0.418,0.579,0.595,0.865,0.504,0.437,0.256,0.459,0.455,0.436,0.505,0,0.522,0.29,0.548,0.633,0.472,0.644,0.477,0.442
4/21/1980,0.7452,0.564,0.873,0.446,0.78,0.729,0.81,0.674,0.399,0.651,0.752,0,0.764,0,0.728,0.855,0.639,0.469,0.591,0.642,1.074,0.59,0.845,1.033,0.684,0.43,0.611,0.67,0.896,0.72,1.988,0.5,0.726,0.727,0.671,0.74,0.635,0.466,0.59,1.016,0.776,0.697,0.672,1.03,0.594,0.419,0.629,0.606,0,0.505,1.11,0.871,0.514,0,0.696,0.595,0.777,0.527,0.326,0.585,1.099,0.672,0.796,0.42,0.431,0.578,0.605,0.914,0.707,0.422,0.514,0.72,0.462,1.051,0.496,0.572,0.893,0.701,0.494,0.595,0.595,0.501,0.68,0.742,1.06,0.621,0.521,0.264,0.56,0.583,0.522,0.607,0.139,0.661,0.49,0.712,0.814,0.561,0.785,0.575,0.543
4/22/1980,0.7877,0.73,1.17,0.562,1.072,0.887,1.005,0.831,0.474,0.803,0.971,0.11,0.988,0.246,0.908,1.032,0.772,0.574,0.733,0.822,1.344,0.741,1.067,1.265,0.845,0.524,0.777,0.818,1.175,0.923,2.572,0.632,0.96,0.937,0.803,0.955,0.815,0.571,0.744,1.276,1.022,0.892,0.843,1.256,0.752,0.502,0.807,0.772,0,0.638,1.411,1.052,0.645,0.185,0.923,0.773,0.995,0.653,0.375,0.717,1.431,0.841,1.065,0.504,0.544,0.699,0.768,1.093,0.895,0.517,0.632,0.865,0.565,1.315,0.614,0.723,1.085,0.866,0.609,0.72,0.755,0.619,0.818,0.943,1.308,0.782,0.64,0.297,0.711,0.749,0.649,0.748,0.53,0.842,0.708,0.92,1.044,0.688,0.986,0.716,0.679
4/23/1980,0.7944,0.964,1.603,0.735,1.384,1.085,1.266,1.04,0.578,1.019,1.301,0.399,1.309,0.597,1.165,1.272,0.94,0.719,0.93,1.084,1.682,0.939,1.372,1.539,1.061,0.66,1.019,1.019,1.588,1.204,3.33,0.827,1.286,1.232,0.949,1.272,1.08,0.724,0.963,1.644,1.387,1.163,1.083,1.54,0.979,0.616,1.052,1.001,0,0.838,1.773,1.274,0.835,0.467,1.217,1.038,1.316,0.824,0.447,0.885,1.932,1.072,1.467,0.621,0.713,0.851,1,1.297,1.137,0.657,0.791,1.056,0.712,1.651,0.77,0.94,1.342,1.074,0.777,0.896,0.969,0.78,1.001,1.229,1.645,1.012,0.807,0.37,0.938,0.954,0.83,0.95,1.044,1.08,0.956,1.176,1.326,0.862,1.277,0.909,0.861
4/24/1980,0.9712,0.953,1.547,0.747,1.272,0.872,1.273,1.201,0.644,1.131,1.379,0.209,1.274,0.649,1.28,1.401,0.96,0.799,0.989,1.142,1.752,0.837,1.374,1.267,0.958,0.726,1.099,1.109,1.51,1.195,2.932,0.863,1.236,1.226,0.954,1.251,1.153,0.784,1.024,1.593,1.395,1.132,1.127,1.495,1.035,0.69,1,1.016,0.09,0.868,1.464,1.23,0.819,0.342,1.145,1.091,1.399,0.918,0.526,0.933,1.8,1.184,1.416,0.675,0.806,0.824,1.025,1.252,1.02,0.766,0.879,1.152,0.818,1.526,0.69,1.018,1.392,0.964,0.814,0.993,0.954,0.815,1.12,1.225,1.613,0.989,0.79,0.559,1.057,0.959,0.923,0.976,1.118,0.858,1.064,1.001,1.243,0.984,1.325,0.993,0.871
4/25/1980,1.0652,1.051,1.659,0.824,1.363,0.924,1.376,1.316,0.723,1.265,1.527,0.271,1.387,0.896,1.421,1.556,1.07,0.896,1.094,1.259,1.901,0.905,1.48,1.358,1.023,0.808,1.23,1.232,1.621,1.295,2.984,0.963,1.333,1.316,1.028,1.35,1.292,0.874,1.142,1.687,1.533,1.224,1.259,1.597,1.142,0.78,1.08,1.118,0.201,0.958,1.534,1.326,0.901,0.444,1.239,1.219,1.541,1.033,0.605,1.036,1.905,1.31,1.527,0.757,0.908,0.914,1.129,1.349,1.097,0.87,0.993,1.291,0.921,1.605,0.762,1.132,1.493,1.038,0.904,1.121,1.049,0.897,1.248,1.334,1.701,1.085,0.883,0.665,1.173,1.055,1.035,1.083,1.289,0.907,1.175,1.059,1.335,1.112,1.45,1.111,0.966
4/26/1980,1.0898,1.1,1.693,0.873,1.283,0.894,1.432,1.406,0.794,1.363,1.632,0.115,1.435,0.927,1.523,1.674,1.137,0.973,1.168,1.337,1.973,0.928,1.52,1.323,1.022,0.877,1.324,1.321,1.651,1.335,2.802,1.027,1.359,1.352,1.033,1.393,1.393,0.947,1.226,1.7,1.612,1.253,1.341,1.634,1.212,0.853,1.106,1.174,0.222,1.021,1.44,1.357,0.942,0.352,1.262,1.304,1.633,1.122,0.683,1.104,1.918,1.4,1.569,0.83,0.989,0.959,1.189,1.38,1.101,0.953,1.084,1.396,1.01,1.581,0.792,1.211,1.55,1.06,0.967,1.217,1.094,0.958,1.348,1.39,1.716,1.129,0.927,0.775,1.255,1.084,1.118,1.149,1.277,0.878,1.17,1.038,1.36,1.214,1.527,1.196,1.021
4/27/1980,1.0898,1.187,1.797,0.938,1.392,0.978,1.516,1.469,0.855,1.453,1.738,0.226,1.536,1.181,1.617,1.778,1.225,1.043,1.249,1.424,2.116,1.013,1.605,1.459,1.1,0.938,1.421,1.407,1.752,1.418,2.907,1.104,1.455,1.42,1.107,1.472,1.499,1.018,1.316,1.778,1.723,1.333,1.443,1.742,1.293,0.919,1.176,1.263,0.319,1.096,1.558,1.456,1.011,0.493,1.361,1.403,1.731,1.204,0.743,1.187,2.027,1.48,1.659,0.897,1.061,1.042,1.271,1.472,1.191,1.022,1.168,1.501,1.081,1.665,0.874,1.293,1.625,1.149,1.037,1.307,1.18,1.024,1.438,1.481,1.812,1.213,1.008,0.823,1.325,1.175,1.194,1.238,1.435,0.971,1.265,1.13,1.459,1.303,1.62,1.28,1.105
4/28/1980,1.1167,1.288,1.93,1.014,1.513,1.065,1.618,1.554,0.926,1.559,1.868,0.344,1.656,1.423,1.73,1.897,1.321,1.127,1.345,1.532,2.265,1.108,1.712,1.594,1.187,1.013,1.535,1.508,1.881,1.521,3.038,1.194,1.573,1.511,1.189,1.575,1.622,1.102,1.424,1.88,1.861,1.428,1.558,1.863,1.392,0.995,1.263,1.368,0.419,1.185,1.686,1.567,1.09,0.648,1.482,1.52,1.851,1.301,0.806,1.281,2.17,1.581,1.777,0.971,1.147,1.129,1.369,1.572,1.29,1.099,1.262,1.616,1.163,1.762,0.961,1.392,1.72,1.247,1.115,1.406,1.278,1.106,1.539,1.589,1.921,1.309,1.094,0.872,1.415,1.277,1.287,1.338,1.599,1.072,1.368,1.236,1.578,1.402,1.735,1.377,1.198
4/29/1980,1.2241,1.484,2.228,1.15,1.903,1.306,1.808,1.681,1.018,1.723,2.086,0.8,1.901,1.935,1.91,2.065,1.48,1.248,1.503,1.717,2.537,1.303,1.939,1.945,1.406,1.12,1.718,1.661,2.173,1.734,3.538,1.349,1.839,1.707,1.395,1.788,1.819,1.225,1.597,2.129,2.12,1.64,1.755,2.112,1.564,1.103,1.451,1.569,0.651,1.338,2.104,1.8,1.246,1.116,1.755,1.721,2.059,1.445,0.868,1.436,2.513,1.741,2.031,1.07,1.273,1.291,1.55,1.78,1.528,1.206,1.393,1.785,1.27,2.035,1.135,1.556,1.9,1.455,1.245,1.552,1.472,1.238,1.682,1.799,2.172,1.497,1.263,0.883,1.563,1.502,1.43,1.508,2.026,1.34,1.645,1.512,1.833,1.539,1.937,1.528,1.367
4/30/1980,1.3405,1.792,2.72,1.374,2.411,1.619,2.111,1.912,1.173,2.001,2.465,1.339,2.291,2.486,2.221,2.339,1.716,1.451,1.762,2.032,2.9,1.579,2.301,2.382,1.72,1.307,2.022,1.915,2.656,2.075,4.265,1.606,2.259,2.036,1.681,2.153,2.15,1.433,1.885,2.537,2.553,1.968,2.061,2.464,1.854,1.28,1.75,1.886,0.951,1.594,2.654,2.13,1.494,1.67,2.162,2.057,2.418,1.679,0.974,1.672,3.082,2.02,2.468,1.231,1.495,1.521,1.847,2.061,1.865,1.384,1.603,2.043,1.45,2.435,1.376,1.832,2.191,1.744,1.459,1.785,1.767,1.456,1.912,2.138,2.543,1.795,1.513,0.936,1.832,1.832,1.671,1.774,2.658,1.703,2.034,1.894,2.2,1.762,2.279,1.78,1.623
5/1/1980,1.5822,1.929,2.884,1.507,2.384,1.577,2.258,2.167,1.337,2.249,2.737,1.211,2.445,2.466,2.486,2.591,1.85,1.639,1.956,2.251,3.008,1.623,2.453,2.322,1.771,1.485,2.256,2.138,2.817,2.22,4.151,1.782,2.384,2.179,1.739,2.322,2.396,1.613,2.1,2.66,2.798,2.079,2.251,2.53,2.056,1.448,1.852,2.039,0.997,1.764,2.585,2.22,1.603,1.605,2.273,2.282,2.675,1.894,1.136,1.822,3.241,2.273,2.646,1.392,1.704,1.6,2.01,2.107,1.915,1.591,1.804,2.254,1.653,2.455,1.418,2.046,2.346,1.782,1.602,1.988,1.888,1.613,2.131,2.302,2.599,1.921,1.613,1.18,2.079,1.931,1.889,1.934,2.733,1.684,2.094,1.905,2.279,1.991,2.5,1.986,1.753
5/2/1980,1.656,1.938,2.811,1.538,2.136,1.425,2.268,2.302,1.433,2.373,2.832,0.849,2.427,2.261,2.606,2.723,1.899,1.736,2.033,2.321,2.974,1.569,2.435,2.117,1.697,1.571,2.356,2.247,2.741,2.207,3.61,1.844,2.32,2.157,1.689,2.308,2.502,1.702,2.189,2.575,2.842,2.046,2.317,2.44,2.117,1.542,1.819,2.061,0.929,1.814,2.28,2.182,1.616,1.32,2.208,2.358,2.758,2.005,1.265,1.884,3.121,2.385,2.601,1.493,1.808,1.605,2.042,2.048,1.841,1.722,1.92,2.373,1.773,2.29,1.382,2.132,2.365,1.717,1.654,2.097,1.892,1.67,2.254,2.309,2.49,1.921,1.632,1.406,2.186,1.903,1.995,1.984,2.49,1.527,1.981,1.763,2.202,2.122,2.558,2.085,1.789
5/3/1980,1.6135,2.02,2.904,1.587,2.205,1.495,2.332,2.348,1.485,2.445,2.914,0.895,2.516,2.4,2.677,2.795,1.975,1.796,2.098,2.39,3.074,1.649,2.502,2.222,1.762,1.618,2.44,2.316,2.831,2.276,3.63,1.911,2.409,2.212,1.756,2.375,2.595,1.763,2.266,2.635,2.936,2.11,2.4,2.511,2.177,1.601,1.883,2.141,1.003,1.873,2.362,2.264,1.685,1.403,2.291,2.443,2.828,2.072,1.327,1.958,3.225,2.445,2.674,1.559,1.866,1.676,2.113,2.122,1.928,1.779,1.992,2.465,1.829,2.347,1.454,2.199,2.426,1.802,1.711,2.17,1.967,1.724,2.324,2.382,2.575,2.001,1.711,1.453,2.232,1.99,2.054,2.057,2.601,1.606,2.052,1.843,2.285,2.192,2.629,2.158,1.87
5/4/1980,1.844,2.437,3.603,1.849,3.083,2.062,2.706,2.481,1.601,2.681,3.298,1.918,3.043,3.332,2.944,2.993,2.252,1.971,2.361,2.721,3.598,2.094,2.969,3.011,2.248,1.767,2.749,2.537,3.521,2.721,4.995,2.19,3.025,2.637,2.203,2.847,2.937,1.955,2.561,3.211,3.444,2.557,2.737,3.042,2.481,1.755,2.304,2.549,1.505,2.157,3.36,2.741,2.021,2.38,2.879,2.816,3.183,2.269,1.378,2.228,4.069,2.675,3.257,1.705,2.05,1.99,2.476,2.555,2.461,1.885,2.167,2.709,1.944,3,1.831,2.47,2.777,2.27,1.946,2.367,2.362,1.951,2.505,2.808,3.186,2.417,2.051,1.316,2.441,2.48,2.252,2.367,3.685,2.243,2.682,2.482,2.833,2.352,2.999,2.401,2.203
5/5/1980,2.1819,2.515,3.652,1.95,2.972,1.972,2.808,2.754,1.77,2.911,3.51,1.719,3.12,3.177,3.186,3.226,2.364,2.152,2.536,2.904,3.629,2.086,3.066,2.855,2.248,1.943,2.948,2.745,3.568,2.81,4.614,2.339,3.063,2.726,2.234,2.948,3.138,2.119,2.75,3.252,3.621,2.61,2.888,3.032,2.649,1.922,2.355,2.656,1.522,2.294,3.181,2.785,2.081,2.261,2.936,2.99,3.394,2.475,1.546,2.355,4.094,2.923,3.339,1.86,2.244,2.042,2.59,2.557,2.452,2.102,2.359,2.897,2.141,2.932,1.836,2.662,2.883,2.256,2.052,2.559,2.445,2.099,2.718,2.915,3.149,2.472,2.112,1.585,2.677,2.531,2.464,2.486,3.594,2.152,2.679,2.436,2.856,2.579,3.177,2.585,2.293
5/6/1980,2.3497,2.842,4.126,2.179,3.537,2.342,3.097,2.979,1.918,3.197,3.874,2.372,3.511,3.744,3.492,3.481,2.623,2.353,2.795,3.209,3.994,2.393,3.423,3.351,2.601,2.113,3.259,2.995,4.027,3.145,5.22,2.603,3.494,3.044,2.586,3.293,3.475,2.32,3.04,3.635,4.042,2.948,3.201,3.377,2.927,2.104,2.662,2.992,1.888,2.542,3.781,3.14,2.354,2.917,3.363,3.331,3.736,2.708,1.659,2.614,4.631,3.192,3.74,2.028,2.455,2.307,2.897,2.869,2.831,2.292,2.572,3.173,2.308,3.333,2.112,2.938,3.169,2.577,2.272,2.799,2.77,2.314,2.95,3.247,3.527,2.781,2.406,1.643,2.933,2.908,2.705,2.757,4.196,2.546,3.111,2.856,3.224,2.797,3.504,2.847,2.579
5/7/1980,2.5064,3.062,4.425,2.353,3.659,2.428,3.309,3.239,2.106,3.475,4.188,2.466,3.766,3.835,3.786,3.725,2.807,2.565,3.032,3.479,4.194,2.537,3.654,3.435,2.737,2.315,3.543,3.25,4.324,3.372,5.463,2.832,3.744,3.271,2.718,3.56,3.778,2.533,3.308,3.868,4.371,3.129,3.438,3.547,3.175,2.3,2.856,3.213,2.01,2.764,3.9,3.31,2.529,3.028,3.581,3.62,4.033,2.949,1.843,2.809,4.962,3.481,4.037,2.229,2.689,2.44,3.13,3.006,2.985,2.506,2.801,3.411,2.518,3.47,2.233,3.194,3.375,2.723,2.452,3.021,2.966,2.521,3.189,3.491,3.714,2.994,2.561,1.853,3.192,3.099,2.949,2.97,4.51,2.653,3.279,2.992,3.409,3.038,3.784,3.093,2.773
5/8/1980,2.9316,3.4,5.002,2.586,3.777,2.48,3.616,3.385,2.316,3.741,4.585,2.606,4.172,4.123,4.065,3.874,2.951,2.786,3.304,3.834,4.515,2.748,3.957,3.561,2.863,2.552,3.894,3.523,4.919,3.707,6.982,3.099,4.171,3.611,2.739,4.024,4.175,2.811,3.631,4.297,4.855,3.341,3.682,3.835,3.492,2.491,3.15,3.478,2.067,3.09,4.145,3.473,2.767,3.006,3.814,4.026,4.381,3.192,2.072,3.007,5.662,3.774,4.622,2.506,2.972,2.511,3.453,3.116,3.158,2.658,3.042,3.59,2.748,3.73,2.34,3.475,3.631,2.921,2.693,3.164,3.172,2.764,3.399,3.858,4.163,3.403,2.661,2.044,3.405,3.29,3.162,3.265,5.485,2.821,3.496,3.119,3.652,3.237,4.156,3.367,3.021
5/9/1980,2.7973,3.087,4.328,2.436,2.797,1.916,3.318,3.396,2.309,3.68,4.388,1.325,3.714,3.059,3.975,3.826,2.829,2.74,3.172,3.636,4.139,2.366,3.574,2.725,2.458,2.493,3.75,3.435,4.23,3.337,5.037,2.921,3.591,3.248,2.374,3.615,4.012,2.713,3.48,3.744,4.48,2.976,3.49,3.312,3.282,2.466,2.765,3.198,1.665,2.891,2.988,3.062,2.541,1.846,3.279,3.809,4.179,3.118,2.168,2.889,4.808,3.678,4.081,2.487,2.911,2.327,3.207,2.718,2.689,2.716,3.005,3.541,2.752,3.062,2.031,3.337,3.404,2.496,2.562,3.124,2.902,2.614,3.368,3.511,3.59,3.052,2.454,2.397,3.362,2.908,3.098,3.056,4.304,2.146,2.901,2.471,3.11,3.242,3.904,3.286,2.827
5/10/1980,2.3945,2.826,4,2.19,1.858,1.274,3.047,3.087,2.212,3.354,4.018,0.111,3.374,2.378,3.612,3.475,2.491,2.565,2.913,3.353,3.846,2.006,3.21,1.946,1.926,2.345,3.469,3.202,3.911,3.042,5.162,2.663,3.206,2.944,1.771,3.383,3.714,2.582,3.212,3.45,4.112,2.567,3.126,2.975,3.004,2.321,2.47,2.809,1.103,2.694,2.054,2.547,2.276,0.595,2.678,3.524,3.828,2.896,2.173,2.584,4.466,3.393,3.856,2.437,2.755,1.915,2.93,2.296,2.184,2.506,2.839,3.202,2.638,2.579,1.612,3.068,3.125,2.113,2.36,2.825,2.465,2.394,3.121,3.237,3.4,2.884,2.039,2.481,3.044,2.423,2.82,2.835,4.125,1.552,2.368,1.811,2.631,3.037,3.594,3.036,2.547
5/11/1980,1.9223,2.28,3.089,1.823,0.515,0.623,2.487,2.661,1.936,2.874,3.42,0,2.66,0.77,3.091,3.044,2.138,2.206,2.432,2.792,3.187,1.494,2.573,0.919,1.354,1.989,2.944,2.731,2.95,2.418,2.515,2.197,2.417,2.319,1.247,2.693,3.138,2.187,2.69,2.7,3.333,2.007,2.637,2.26,2.454,2.023,1.867,2.275,0.633,2.213,0.497,1.936,1.854,0,1.889,2.944,3.23,2.452,2.01,2.188,3.351,2.861,3.037,2.148,2.365,1.595,2.418,1.762,1.54,2.207,2.458,2.809,2.316,1.758,1.207,2.573,2.649,1.56,2.021,2.496,1.962,1.969,2.7,2.596,2.69,2.292,1.645,2.447,2.622,1.867,2.399,2.361,2.655,0.766,1.623,1.007,1.854,2.658,2.969,2.609,2.121
5/12/1980,1.6135,1.759,2.321,1.418,0.733,0.841,1.971,2.152,1.461,2.216,2.648,0,2.069,0.551,2.415,2.588,1.829,1.687,1.866,2.134,2.742,1.273,2.102,1.141,1.315,1.478,2.234,2.12,2.169,1.889,0.748,1.7,1.869,1.766,1.326,1.952,2.362,1.631,2.028,2.151,2.526,1.73,2.188,1.965,1.857,1.563,1.435,1.84,0.866,1.652,0.59,1.771,1.442,0,1.626,2.216,2.542,1.878,1.483,1.753,2.509,2.185,2.171,1.583,1.786,1.508,1.854,1.641,1.435,1.778,1.907,2.325,1.791,1.595,1.127,2.01,2.143,1.385,1.591,2.124,1.651,1.488,2.161,2.016,2.225,1.675,1.458,1.865,2.079,1.654,1.901,1.872,2.003,0.843,1.642,1.067,1.551,2.136,2.296,1.995,1.681
5/13/1980,1.4009,1.574,2.041,1.267,0.852,0.91,1.817,1.983,1.308,1.988,2.379,0,1.876,0.754,2.181,2.444,1.694,1.523,1.688,1.911,2.643,1.204,1.927,1.282,1.266,1.327,1.996,1.919,1.929,1.71,0.842,1.531,1.676,1.581,1.271,1.718,2.106,1.462,1.815,1.958,2.253,1.6,2.013,1.902,1.671,1.401,1.312,1.658,0.797,1.477,0.804,1.717,1.292,0,1.53,1.959,2.306,1.695,1.297,1.598,2.207,1.969,1.897,1.393,1.593,1.418,1.652,1.604,1.375,1.628,1.729,2.153,1.63,1.521,1.078,1.818,1.959,1.33,1.45,1.968,1.515,1.344,1.985,1.845,2.106,1.491,1.364,1.644,1.865,1.51,1.736,1.715,1.774,0.899,1.543,1.103,1.481,1.945,2.085,1.774,1.512
5/14/1980,1.3024,1.524,1.961,1.217,0.957,0.967,1.786,1.889,1.254,1.9,2.282,0,1.834,1.033,2.088,2.372,1.654,1.465,1.633,1.835,2.692,1.222,1.875,1.396,1.251,1.277,1.915,1.842,1.878,1.664,1.248,1.474,1.633,1.533,1.233,1.661,2.027,1.401,1.746,1.911,2.169,1.551,1.944,1.931,1.615,1.34,1.291,1.6,0.753,1.422,0.959,1.719,1.252,0,1.519,1.879,2.22,1.623,1.222,1.55,2.113,1.886,1.831,1.324,1.513,1.392,1.587,1.614,1.367,1.542,1.653,2.088,1.558,1.518,1.094,1.739,1.916,1.343,1.404,1.888,1.481,1.304,1.909,1.803,2.117,1.448,1.336,1.506,1.755,1.46,1.664,1.658,1.723,0.961,1.514,1.142,1.501,1.856,2.015,1.694,1.461
5/15/1980,1.2621,1.57,2.044,1.224,1.225,1.122,1.841,1.828,1.241,1.875,2.277,0,1.907,1.466,2.062,2.335,1.676,1.456,1.644,1.839,2.834,1.333,1.926,1.638,1.326,1.269,1.916,1.828,1.977,1.72,1.873,1.483,1.729,1.582,1.297,1.711,2.035,1.39,1.753,1.99,2.207,1.598,1.95,2.051,1.628,1.323,1.361,1.643,0.843,1.431,1.274,1.816,1.285,0.374,1.634,1.89,2.213,1.608,1.184,1.57,2.219,1.867,1.895,1.308,1.481,1.43,1.606,1.709,1.468,1.486,1.633,2.083,1.525,1.651,1.186,1.725,1.955,1.456,1.405,1.853,1.539,1.324,1.885,1.847,2.253,1.496,1.372,1.363,1.695,1.528,1.639,1.664,1.956,1.137,1.638,1.302,1.641,1.813,2.027,1.684,1.491
5/16/1980,1.4009,1.964,2.836,1.475,1.137,1.252,2.246,1.835,1.45,2.036,2.672,0,2.437,1.663,2.248,2.421,1.757,1.663,1.91,2.173,3.211,1.658,2.25,1.857,1.444,1.513,2.23,2.078,2.778,2.119,4.327,1.723,2.289,1.966,1.143,2.306,2.418,1.666,2.044,2.596,2.752,1.812,2.139,2.43,1.951,1.463,1.765,1.907,0.707,1.794,1.595,1.999,1.542,0.035,1.943,2.288,2.538,1.804,1.384,1.696,3.214,2.109,2.69,1.593,1.706,1.433,1.919,1.853,1.69,1.54,1.851,2.172,1.723,2.027,1.355,1.957,2.205,1.763,1.622,1.89,1.733,1.581,2.03,2.294,2.94,2.011,1.46,1.399,1.769,1.663,1.757,1.937,3.317,1.497,1.732,1.537,1.987,1.925,2.394,1.885,1.711
5/17/1980,1.4613,2.232,3.282,1.702,1.573,1.477,2.467,1.918,1.48,2.217,3.009,0,2.749,1.966,2.475,2.554,1.912,1.753,2.071,2.405,3.573,1.883,2.598,2.138,1.775,1.57,2.437,2.171,3.159,2.415,4.868,1.869,2.666,2.268,1.452,2.612,2.651,1.728,2.223,3.011,3.087,2.134,2.37,2.697,2.126,1.532,1.986,2.189,1.156,1.952,1.94,2.266,1.777,0.376,2.273,2.561,2.845,1.879,1.356,1.881,3.686,2.246,3.065,1.614,1.807,1.63,2.175,2.05,1.968,1.607,1.889,2.324,1.74,2.422,1.569,2.121,2.504,1.954,1.766,1.985,1.997,1.672,2.099,2.549,3.357,2.248,1.724,1.304,2.001,2,1.876,2.097,3.961,1.739,2.233,1.824,2.206,1.992,2.635,2.049,1.94
5/18/1980,1.6448,2.432,3.532,1.858,2.432,1.94,2.65,2.188,1.521,2.467,3.277,0.725,2.991,2.544,2.752,2.813,2.19,1.88,2.243,2.62,3.794,2.107,2.91,2.702,2.185,1.646,2.639,2.34,3.379,2.655,4.493,2.076,2.947,2.53,1.965,2.782,2.851,1.808,2.412,3.27,3.343,2.488,2.649,2.949,2.311,1.646,2.185,2.472,1.734,2.068,2.598,2.629,1.974,1.403,2.685,2.763,3.13,2.035,1.314,2.117,3.947,2.467,3.225,1.629,1.943,1.967,2.39,2.372,2.348,1.773,1.995,2.571,1.808,2.837,1.824,2.33,2.769,2.209,1.911,2.239,2.318,1.81,2.268,2.74,3.478,2.348,2.003,1.298,2.303,2.398,2.111,2.266,4.228,2.108,2.794,2.277,2.559,2.158,2.856,2.253,2.156
5/19/1980,1.8552,2.508,3.557,1.927,2.785,2.097,2.756,2.495,1.645,2.692,3.433,1.237,3.078,2.924,2.981,3.082,2.361,2.043,2.404,2.775,3.878,2.166,3.041,2.9,2.316,1.784,2.801,2.541,3.42,2.757,4.214,2.236,3.011,2.641,2.179,2.85,3.007,1.941,2.579,3.321,3.48,2.617,2.823,3.058,2.469,1.797,2.278,2.596,1.911,2.173,2.884,2.79,2.047,1.952,2.857,2.886,3.31,2.234,1.408,2.266,3.967,2.704,3.245,1.725,2.106,2.12,2.493,2.53,2.484,1.982,2.172,2.779,1.975,2.934,1.91,2.515,2.88,2.298,2.017,2.46,2.456,1.951,2.493,2.85,3.423,2.381,2.128,1.482,2.527,2.537,2.328,2.39,4.129,2.218,2.945,2.447,2.723,2.379,3.015,2.423,2.256
5/20/1980,2.1931,2.96,4.202,2.263,3.658,2.67,3.189,2.894,1.888,3.149,3.969,2.337,3.63,3.832,3.466,3.504,2.76,2.371,2.81,3.235,4.352,2.605,3.558,3.65,2.826,2.071,3.267,2.944,4.055,3.243,5.032,2.642,3.611,3.107,2.713,3.339,3.505,2.263,3.023,3.85,4.09,3.106,3.29,3.573,2.907,2.094,2.731,3.09,2.401,2.55,3.844,3.327,2.438,3.056,3.505,3.377,3.815,2.616,1.579,2.66,4.699,3.145,3.799,1.98,2.442,2.526,2.936,3.015,3.032,2.281,2.51,3.205,2.251,3.515,2.331,2.942,3.291,2.771,2.362,2.84,2.94,2.302,2.875,3.334,3.882,2.801,2.553,1.555,2.931,3.072,2.716,2.79,4.771,2.808,3.505,3.094,3.289,2.728,3.506,2.823,2.667
5/21/1980,3.4687,3.715,5.322,2.841,4.799,3.429,3.903,3.514,2.318,3.892,4.876,3.619,4.544,4.858,4.262,4.154,3.371,2.918,3.478,4.014,5.052,3.277,4.399,4.6,3.577,2.569,4.049,3.601,5.141,4.045,6.294,3.308,4.609,3.892,3.49,4.194,4.34,2.812,3.764,4.757,5.108,3.872,4.033,4.335,3.636,2.597,3.461,3.889,3.159,3.2,5.058,4.125,3.071,4.363,4.487,4.213,4.665,3.235,1.894,3.289,5.963,3.876,4.787,2.429,3.021,3.122,3.684,3.705,3.827,2.75,3.057,3.868,2.708,4.392,2.959,3.649,3.967,3.476,2.926,3.437,3.69,2.896,3.477,4.128,4.651,3.516,3.195,1.696,3.609,3.913,3.347,3.446,5.96,3.63,4.389,3.997,4.132,3.297,4.332,3.49,3.332
5/22/1980,4.5876,4.474,6.381,3.45,5.626,3.986,4.627,4.239,2.859,4.748,5.859,4.506,5.432,5.58,5.165,4.882,4.003,3.554,4.221,4.864,5.648,3.876,5.199,5.269,4.216,3.163,4.929,4.368,6.166,4.825,7.218,4.028,5.536,4.66,4.164,5.055,5.28,3.455,4.599,5.579,6.168,4.577,4.812,4.974,4.422,3.188,4.157,4.684,3.771,3.909,5.909,4.842,3.698,5.27,5.37,5.126,5.581,3.963,2.369,3.964,7.145,4.725,5.76,3.007,3.706,3.672,4.467,4.292,4.509,3.341,3.72,4.611,3.285,5.085,3.512,4.439,4.623,4.096,3.523,4.107,4.42,3.561,4.188,4.922,5.297,4.24,3.799,2.088,4.383,4.688,4.074,4.147,6.999,4.245,5.106,4.711,4.873,3.984,5.221,4.257,4.019
5/23/1980,5.1471,6.534,9.661,5.015,7.475,5.193,6.602,5.26,4.174,6.422,8.126,6.777,7.984,7.966,6.903,6.106,5.058,4.975,5.914,6.982,7.226,5.421,7.197,7.32,5.644,4.633,6.945,6.086,9.369,6.931,13.908,5.71,8.34,6.47,5.054,7.477,7.571,5.132,6.504,8.131,8.998,6.22,6.499,6.802,6.345,4.468,6.035,6.475,4.665,5.937,8.37,6.535,5.228,7.049,7.495,7.454,7.665,5.508,3.528,5.328,11,6.478,8.897,4.567,5.324,4.521,6.389,5.491,6.227,4.365,5.203,5.867,4.572,6.997,4.799,6.216,5.966,5.783,4.964,5.038,6.051,5.273,5.556,7.097,7.64,6.512,5.048,2.708,5.641,6.311,5.5,5.957,11.83,6.109,6.784,6.431,6.711,5.232,7.436,5.82,5.632
5/24/1980,4.789,7.389,10.68,5.623,7.138,4.85,7.223,5.867,4.71,7.45,9.167,5.713,8.782,7.621,7.956,6.652,5.734,5.704,6.73,7.848,7.926,5.676,7.917,6.563,5.848,5.157,7.982,6.795,10.194,7.637,13.157,6.329,9.193,7.292,5.616,8.434,8.681,5.657,7.484,8.869,9.88,6.649,7.22,7.087,7.063,5.158,6.463,7.329,5.472,6.478,7.275,6.951,5.918,6.142,7.875,8.477,8.496,6.171,4.162,6.259,11.927,7.315,9.796,5.152,6.09,4.965,7.367,5.874,6.333,4.968,5.804,6.841,5.097,7.114,5.016,6.961,6.889,5.988,5.576,5.738,6.662,5.793,6.259,7.697,8.34,7.314,5.551,3.419,6.478,7.163,6.209,6.574,12.672,5.574,7.546,6.199,6.945,6.009,8.283,6.843,6.531
5/25/1980,3.7372,5.32,7.082,4.144,3.022,2.373,5.319,5.324,4.149,6.29,7.296,0.754,6.088,3.751,6.645,5.754,4.494,4.773,5.431,6.172,5.879,3.636,5.637,3.024,3.506,4.342,6.447,5.732,6.731,5.463,6.456,4.916,5.919,5.324,3.302,6.128,7.033,4.67,6.069,5.904,7.479,4.489,5.623,4.729,5.444,4.337,4.469,5.236,2.825,4.917,2.868,4.49,4.237,1.524,4.898,6.635,6.754,5.304,4.033,4.896,7.722,6.207,6.867,4.486,5.07,3.514,5.475,3.918,3.818,4.68,5.081,5.724,4.64,4.012,3.083,5.615,5.297,3.736,4.246,4.824,4.658,4.509,5.463,5.623,5.436,5.268,3.822,4.502,5.528,4.6,5.267,5.026,7.318,2.591,4.255,3.216,4.53,5.342,6.455,5.653,4.849
5/26/1980,2.9092,3.756,4.753,2.98,1.719,1.739,3.838,4.16,3.09,4.705,5.425,0,4.229,1.773,4.993,4.583,3.583,3.572,3.945,4.484,4.401,2.578,4.084,1.984,2.62,3.153,4.77,4.344,4.414,3.874,1.96,3.591,3.962,3.686,2.547,4.179,5.119,3.433,4.414,4.126,5.345,3.336,4.288,3.507,3.912,3.266,3.044,3.836,2.141,3.522,1.317,3.304,3.089,0.07,3.407,4.799,5.032,3.972,3.131,3.645,5.109,4.614,4.596,3.381,3.803,2.895,3.924,2.983,2.823,3.593,3.889,4.478,3.575,2.823,2.272,4.186,3.94,2.702,3.295,3.928,3.485,3.241,4.197,4.01,3.758,3.597,2.894,3.726,4.262,3.381,3.978,3.753,4.419,1.692,3.041,2.243,3.065,4.103,4.661,4.242,3.566
5/27/1980,2.5064,3.025,3.826,2.379,1.933,1.945,3.13,3.378,2.398,3.697,4.364,0,3.451,1.631,3.974,3.851,3.045,2.817,3.131,3.549,3.785,2.27,3.392,2.278,2.454,2.443,3.76,3.477,3.541,3.153,1.04,2.878,3.25,2.922,2.397,3.266,4.012,2.68,3.457,3.44,4.28,2.876,3.564,3.119,3.104,2.579,2.5,3.173,2.11,2.783,1.707,2.944,2.522,0.615,2.986,3.77,4.067,3.14,2.396,2.927,4.157,3.639,3.605,2.618,2.999,2.6,3.123,2.72,2.601,2.872,3.103,3.684,2.85,2.622,2.067,3.371,3.222,2.46,2.725,3.334,2.946,2.549,3.375,3.267,3.243,2.831,2.507,2.835,3.429,2.914,3.194,3.071,3.785,1.824,2.815,2.307,2.653,3.302,3.722,3.32,2.874
5/28/1980,2.2602,2.599,3.241,2.053,2.03,1.906,2.764,3.039,2.057,3.189,3.787,0,2.998,1.812,3.46,3.505,2.696,2.442,2.724,3.08,3.537,2.055,3.014,2.342,2.26,2.109,3.235,3.026,3.048,2.76,1.16,2.509,2.802,2.537,2.22,2.79,3.44,2.311,2.975,3.034,3.697,2.57,3.153,2.869,2.703,2.218,2.205,2.761,1.942,2.408,1.929,2.706,2.19,1.031,2.689,3.222,3.575,2.723,2.013,2.55,3.537,3.167,3.065,2.212,2.583,2.335,2.672,2.521,2.382,2.522,2.695,3.259,2.497,2.419,1.881,2.945,2.859,2.243,2.384,2.975,2.598,2.206,2.973,2.883,2.955,2.43,2.253,2.39,2.998,2.565,2.798,2.697,3.327,1.787,2.593,2.222,2.433,2.893,3.255,2.842,2.478
5/29/1980,2.1327,2.69,3.442,2.098,2.225,2.016,2.871,2.952,2.037,3.153,3.834,0.247,3.141,2.134,3.433,3.457,2.697,2.443,2.75,3.125,3.676,2.174,3.096,2.569,2.307,2.117,3.265,3.016,3.279,2.858,2.315,2.538,2.976,2.635,2.2,2.939,3.486,2.323,3.003,3.218,3.799,2.612,3.158,3.009,2.758,2.185,2.32,2.82,1.961,2.463,2.254,2.802,2.247,1.308,2.808,3.278,3.609,2.7,1.964,2.568,3.785,3.158,3.279,2.205,2.577,2.337,2.732,2.585,2.467,2.425,2.664,3.23,2.469,2.574,1.954,2.937,2.924,2.361,2.436,2.92,2.647,2.241,2.924,2.993,3.196,2.567,2.252,2.218,2.93,2.609,2.759,2.737,3.796,1.978,2.697,2.375,2.579,2.817,3.316,2.835,2.523
5/30/1980,2.0499,2.457,3.07,1.954,1.956,1.826,2.687,2.812,1.938,2.966,3.592,0.043,2.872,1.905,3.234,3.311,2.547,2.312,2.581,2.915,3.509,2.022,2.865,2.343,2.105,2.003,3.051,2.83,2.942,2.63,1.85,2.371,2.678,2.424,2.037,2.676,3.258,2.168,2.804,2.933,3.516,2.406,2.955,2.796,2.563,2.063,2.13,2.612,1.798,2.28,1.94,2.612,2.055,1.084,2.574,3.042,3.391,2.532,1.858,2.419,3.354,2.979,2.952,2.065,2.406,2.207,2.508,2.408,2.247,2.295,2.499,3.07,2.331,2.319,1.835,2.735,2.765,2.178,2.251,2.763,2.462,2.113,2.767,2.76,2.936,2.325,2.085,2.128,2.752,2.39,2.594,2.528,3.297,1.775,2.466,2.15,2.399,2.681,3.091,2.66,2.334
5/31/1980,1.9469,2.583,3.283,2.026,2.334,2.073,2.81,2.75,1.942,2.99,3.676,0.618,3.048,2.317,3.261,3.31,2.621,2.336,2.636,2.977,3.679,2.204,2.986,2.729,2.263,2.017,3.11,2.853,3.156,2.756,2.547,2.439,2.889,2.535,2.186,2.8,3.336,2.185,2.862,3.106,3.649,2.545,3.03,2.961,2.625,2.072,2.278,2.735,1.969,2.335,2.402,2.791,2.147,1.565,2.79,3.127,3.454,2.548,1.833,2.489,3.62,2.995,3.116,2.08,2.407,2.305,2.601,2.548,2.446,2.264,2.506,3.109,2.312,2.562,1.998,2.762,2.844,2.374,2.296,2.767,2.594,2.174,2.772,2.874,3.15,2.442,2.181,1.983,2.726,2.55,2.601,2.587,3.742,2.067,2.695,2.414,2.609,2.663,3.168,2.695,2.43
6/1/1980,2.0275,2.7,3.486,2.11,2.655,2.268,2.942,2.776,1.971,3.058,3.801,1.067,3.214,2.638,3.342,3.364,2.7,2.388,2.718,3.077,3.842,2.357,3.133,3.02,2.408,2.066,3.197,2.908,3.368,2.896,3.092,2.53,3.081,2.675,2.329,2.942,3.439,2.228,2.948,3.289,3.808,2.688,3.126,3.123,2.72,2.106,2.424,2.861,2.141,2.415,2.777,2.955,2.237,1.968,2.997,3.234,3.569,2.595,1.818,2.569,3.871,3.068,3.288,2.1,2.445,2.4,2.703,2.673,2.612,2.276,2.537,3.172,2.326,2.782,2.136,2.828,2.956,2.527,2.349,2.805,2.724,2.26,2.813,3.003,3.336,2.551,2.274,1.889,2.776,2.699,2.655,2.657,4.099,2.304,2.912,2.636,2.81,2.693,3.281,2.76,2.523
6/2/1980,2.0633,2.659,3.412,2.118,2.153,1.997,2.941,2.848,2.055,3.129,3.869,0.377,3.163,2.083,3.413,3.426,2.681,2.456,2.758,3.115,3.698,2.231,3.066,2.619,2.213,2.148,3.254,2.975,3.296,2.854,2.69,2.557,2.98,2.644,2.118,2.943,3.508,2.287,2.997,3.216,3.827,2.577,3.113,2.972,2.754,2.159,2.368,2.814,1.941,2.446,2.239,2.816,2.185,1.323,2.839,3.273,3.621,2.656,1.929,2.558,3.766,3.16,3.279,2.178,2.526,2.322,2.694,2.511,2.416,2.347,2.598,3.199,2.418,2.544,2.025,2.857,2.935,2.383,2.371,2.845,2.647,2.303,2.871,2.983,3.198,2.521,2.166,2.118,2.838,2.557,2.71,2.649,3.902,2.055,2.683,2.375,2.664,2.77,3.31,2.812,2.489
6/3/1980,2.0857,2.749,3.647,2.172,1.794,1.822,3.027,2.735,2.103,3.129,3.961,0,3.289,1.854,3.415,3.36,2.619,2.488,2.793,3.183,3.741,2.203,3.119,2.434,2.081,2.193,3.332,3.009,3.495,2.95,3.556,2.59,3.102,2.693,1.865,3.119,3.607,2.348,3.058,3.398,3.969,2.548,3.113,2.97,2.806,2.167,2.424,2.823,1.787,2.543,1.991,2.73,2.227,0.738,2.754,3.393,3.677,2.67,2.025,2.513,4.044,3.183,3.557,2.277,2.595,2.21,2.768,2.381,2.323,2.33,2.633,3.143,2.472,2.515,1.953,2.864,2.949,2.34,2.451,2.784,2.606,2.314,2.854,3.099,3.407,2.687,2.077,2.224,2.804,2.479,2.686,2.702,4.463,1.979,2.62,2.219,2.558,2.741,3.379,2.833,2.509
6/4/1980,2.0163,2.598,3.363,2.044,2.415,2.117,2.841,2.626,1.872,2.955,3.709,0.651,3.097,2.284,3.238,3.244,2.61,2.272,2.597,2.962,3.76,2.239,3.049,2.824,2.296,1.952,3.087,2.768,3.23,2.809,2.626,2.436,2.952,2.594,2.228,2.836,3.33,2.088,2.83,3.196,3.69,2.625,3.027,2.95,2.585,1.994,2.322,2.761,2.136,2.292,2.449,2.814,2.144,1.582,2.826,3.14,3.481,2.457,1.739,2.457,3.716,2.938,3.174,1.991,2.323,2.322,2.605,2.504,2.476,2.21,2.404,3.059,2.213,2.666,2.029,2.69,2.906,2.373,2.235,2.706,2.638,2.133,2.677,2.89,3.225,2.423,2.175,1.91,2.703,2.604,2.543,2.522,3.963,2.139,2.86,2.433,2.645,2.589,3.15,2.661,2.425
6/5/1980,2.305,2.771,3.605,2.176,2.473,2.201,3.032,2.788,2.027,3.142,3.945,0.723,3.311,2.355,3.441,3.431,2.743,2.452,2.778,3.157,3.867,2.365,3.2,2.915,2.376,2.118,3.285,2.966,3.462,2.972,2.947,2.607,3.163,2.754,2.282,3.045,3.551,2.261,3.029,3.388,3.926,2.739,3.188,3.105,2.779,2.151,2.487,2.916,2.17,2.466,2.562,2.958,2.272,1.654,3.011,3.334,3.686,2.638,1.872,2.599,3.991,3.153,3.411,2.152,2.505,2.42,2.781,2.635,2.595,2.322,2.572,3.225,2.362,2.774,2.156,2.871,3.023,2.53,2.394,2.859,2.761,2.318,2.855,3.076,3.373,2.599,2.28,1.997,2.853,2.72,2.713,2.685,4.261,2.27,2.94,2.579,2.806,2.743,3.362,2.831,2.568
6/6/1980,2.3274,2.738,3.623,2.172,2.076,2.003,3.029,2.74,2.036,3.126,3.962,0.201,3.289,2.009,3.425,3.382,2.674,2.446,2.765,3.16,3.801,2.265,3.16,2.637,2.211,2.134,3.296,2.959,3.478,2.955,3.214,2.594,3.116,2.736,2.034,3.087,3.572,2.274,3.029,3.408,3.937,2.641,3.141,3.041,2.781,2.127,2.449,2.852,1.975,2.489,2.22,2.821,2.229,1.109,2.859,3.35,3.686,2.622,1.919,2.533,4.012,3.161,3.492,2.18,2.535,2.316,2.765,2.48,2.432,2.311,2.568,3.163,2.395,2.64,2.044,2.839,3.003,2.409,2.419,2.814,2.676,2.299,2.821,3.083,3.389,2.616,2.144,2.123,2.84,2.574,2.686,2.67,4.315,2.115,2.769,2.373,2.664,2.718,3.357,2.817,2.517
6/7/1980,2.1103,2.493,3.203,1.999,1.932,1.874,2.782,2.624,1.889,2.941,3.673,0.057,2.973,1.754,3.221,3.249,2.55,2.274,2.56,2.911,3.592,2.096,2.912,2.46,2.097,1.957,3.048,2.752,3.06,2.692,2.136,2.396,2.783,2.496,1.979,2.75,3.302,2.074,2.797,3.049,3.59,2.476,2.953,2.793,2.539,1.989,2.218,2.64,1.881,2.249,1.953,2.638,2.044,0.994,2.626,3.076,3.433,2.442,1.789,2.388,3.513,2.941,3.066,2.002,2.324,2.225,2.53,2.335,2.274,2.232,2.401,3.028,2.234,2.409,1.915,2.638,2.826,2.223,2.207,2.693,2.511,2.109,2.67,2.806,3.04,2.325,2.051,2.088,2.693,2.408,2.524,2.456,3.596,1.902,2.573,2.176,2.453,2.601,3.089,2.632,2.336
6/8/1980,2.0454,2.702,3.535,2.102,2.97,2.437,2.955,2.624,1.87,2.987,3.766,1.549,3.246,2.859,3.276,3.284,2.687,2.301,2.65,3.016,3.931,2.43,3.163,3.303,2.505,1.961,3.121,2.8,3.402,2.916,3.345,2.509,3.134,2.702,2.406,2.93,3.381,2.106,2.885,3.345,3.781,2.784,3.11,3.158,2.653,2.015,2.476,2.859,2.304,2.339,3.117,3.01,2.225,2.333,3.075,3.183,3.533,2.487,1.693,2.519,3.944,2.973,3.288,1.99,2.325,2.427,2.685,2.684,2.727,2.214,2.429,3.106,2.198,2.952,2.213,2.73,2.966,2.601,2.272,2.732,2.766,2.197,2.716,3.005,3.396,2.508,2.308,1.769,2.712,2.759,2.571,2.587,4.302,2.488,3.098,2.765,2.871,2.599,3.221,2.685,2.504
6/9/1980,2.5064,3.276,4.431,2.539,4.103,3.12,3.513,3.047,2.133,3.494,4.433,2.908,3.969,3.854,3.834,3.737,3.125,2.678,3.127,3.59,4.513,2.991,3.85,4.205,3.143,2.299,3.662,3.239,4.29,3.558,4.748,2.998,3.942,3.329,3.044,3.602,3.96,2.473,3.402,4.122,4.55,3.416,3.661,3.813,3.196,2.349,3.071,3.465,2.964,2.815,4.342,3.673,2.712,3.665,3.897,3.782,4.177,2.897,1.813,2.968,4.973,3.479,4.08,2.248,2.711,2.875,3.239,3.255,3.401,2.491,2.77,3.552,2.466,3.759,2.732,3.232,3.497,3.184,2.676,3.129,3.347,2.631,3.11,3.626,4.084,3.055,2.815,1.679,3.2,3.431,3.009,3.065,5.42,3.245,3.914,3.571,3.585,2.953,3.841,3.134,2.991
6/10/1980,3.1777,4.167,5.747,3.245,5.485,3.949,4.353,3.81,2.638,4.396,5.525,4.444,5.048,4.96,4.805,4.528,3.832,3.337,3.922,4.53,5.32,3.742,4.871,5.251,4.01,2.896,4.59,4.016,5.571,4.522,6.27,3.805,5.103,4.273,3.95,4.629,4.945,3.125,4.278,5.232,5.751,4.341,4.548,4.673,4.077,2.957,3.928,4.396,3.885,3.597,5.734,4.589,3.462,5.192,5.017,4.781,5.226,3.626,2.155,3.695,6.438,4.364,5.271,2.758,3.42,3.541,4.133,4.017,4.302,3.057,3.402,4.323,2.997,4.796,3.434,4.081,4.311,3.955,3.348,3.838,4.214,3.332,3.822,4.572,4.998,3.895,3.573,1.841,4.068,4.414,3.779,3.846,6.892,4.148,5.033,4.563,4.521,3.625,4.833,3.929,3.767
6/11/1980,3.961,4.869,6.698,3.835,6.14,4.333,5.03,4.608,3.207,5.293,6.497,5.119,5.857,5.394,5.745,5.298,4.433,4,4.671,5.375,5.787,4.227,5.618,5.689,4.528,3.517,5.47,4.807,6.488,5.251,6.849,4.526,5.912,4.997,4.522,5.444,5.881,3.787,5.117,5.969,6.758,4.981,5.309,5.18,4.86,3.572,4.557,5.126,4.392,4.294,6.335,5.202,4.04,5.887,5.775,5.679,6.15,4.386,2.67,4.347,7.481,5.261,6.178,3.353,4.136,4.014,4.886,4.495,4.854,3.698,4.088,5.072,3.608,5.341,3.887,4.879,4.924,4.453,3.922,4.521,4.868,3.996,4.564,5.319,5.513,4.557,4.116,2.354,4.897,5.09,4.54,4.527,7.738,4.571,5.649,5.1,5.145,4.345,5.71,4.711,4.411
6/12/1980,4.5652,5.093,6.914,4.05,6.065,4.28,5.258,5.037,3.509,5.747,6.924,5.084,6.08,5.273,6.202,5.663,4.661,4.319,5.021,5.746,5.779,4.31,5.806,5.599,4.602,3.823,5.893,5.22,6.699,5.456,6.666,4.822,6.069,5.203,4.591,5.695,6.34,4.113,5.521,6.063,7.17,5.121,5.619,5.208,5.189,3.855,4.72,5.368,4.331,4.582,6.256,5.324,4.226,5.834,5.941,6.084,6.541,4.797,3.045,4.633,7.717,5.717,6.432,3.706,4.493,4.125,5.166,4.55,4.941,4.096,4.478,5.442,3.979,5.3,3.942,5.251,5.089,4.538,4.148,4.838,5.081,4.284,4.962,5.567,5.495,4.777,4.257,2.901,5.291,5.217,4.917,4.805,7.731,4.512,5.595,5.113,5.263,4.726,6.082,5.095,4.659
6/13/1980,4.9009,4.943,6.607,3.965,5.576,3.967,5.127,5.121,3.551,5.773,6.862,4.588,5.861,4.807,6.208,5.668,4.586,4.326,5.006,5.701,5.486,4.108,5.605,5.174,4.385,3.839,5.883,5.258,6.407,5.278,5.999,4.754,5.771,5.033,4.348,5.519,6.331,4.126,5.513,5.753,7.066,4.914,5.546,4.943,5.134,3.855,4.537,5.228,3.981,4.524,5.752,5.104,4.106,5.335,5.683,6.037,6.475,4.851,3.194,4.592,7.367,5.749,6.202,3.783,4.516,3.98,5.057,4.338,4.706,4.206,4.546,5.449,4.076,4.923,3.73,5.243,4.936,4.326,4.093,4.836,4.947,4.243,5.017,5.425,5.162,4.644,4.108,3.251,5.307,4.973,4.935,4.744,7.155,4.159,5.181,4.797,5.023,4.782,6.018,5.102,4.572
6/14/1980,4.8338,4.739,6.289,3.806,5.228,3.74,4.922,5.005,3.451,5.603,6.628,4.237,5.597,4.462,6.018,5.506,4.433,4.193,4.846,5.509,5.25,3.914,5.366,4.868,4.187,3.715,5.701,5.115,6.098,5.054,5.568,4.574,5.481,4.816,4.132,5.282,6.135,4.002,5.34,5.472,6.811,4.69,5.353,4.732,4.954,3.735,4.325,5.018,3.73,4.36,5.393,4.87,3.938,4.97,5.401,5.837,6.253,4.723,3.157,4.443,7.003,5.581,5.925,3.7,4.389,3.817,4.861,4.149,4.488,4.123,4.438,5.298,3.992,4.64,3.528,5.081,4.749,4.124,3.962,4.701,4.75,4.084,4.893,5.212,4.918,4.459,3.93,3.313,5.156,4.731,4.789,4.585,6.694,3.895,4.881,4.54,4.781,4.666,5.811,4.95,4.406
6/15/1980,4.5205,4.207,5.502,3.412,4.047,2.981,4.438,4.699,3.244,5.188,6.086,2.83,4.941,3.311,5.562,5.123,4.018,3.893,4.445,5.042,4.651,3.35,4.753,3.85,3.522,3.455,5.254,4.768,5.329,4.495,4.414,4.158,4.741,4.276,3.444,4.726,5.661,3.713,4.912,4.79,6.171,4.076,4.853,4.118,4.516,3.46,3.787,4.453,3.039,3.968,4.123,4.207,3.484,3.57,4.6,5.334,5.729,4.396,3.088,4.032,6.102,5.198,5.271,3.504,4.103,3.349,4.367,3.554,3.797,3.895,4.163,4.902,3.801,3.832,2.985,4.664,4.288,3.534,3.62,4.354,4.187,3.728,4.573,4.681,4.287,3.983,3.402,3.493,4.775,4.05,4.43,4.165,5.685,3.1,4.08,3.705,4.096,4.386,5.305,4.577,3.95
6/16/1980,3.6029,4.089,5.366,3.271,4.414,3.219,4.264,4.373,2.974,4.863,5.77,3.347,4.805,3.692,5.228,4.831,3.899,3.628,4.198,4.77,4.719,3.389,4.65,4.18,3.639,3.179,4.959,4.461,5.198,4.367,4.633,3.927,4.668,4.139,3.561,4.53,5.336,3.45,4.622,4.721,5.893,4.057,4.663,4.178,4.268,3.224,3.7,4.342,3.199,3.749,4.549,4.208,3.409,4.041,4.582,5.065,5.431,4.096,2.794,3.867,5.957,4.833,5.076,3.239,3.813,3.342,4.197,3.617,3.887,3.617,3.88,4.663,3.506,3.985,3.011,4.409,4.186,3.577,3.481,4.135,4.125,3.481,4.284,4.515,4.345,3.852,3.396,3.061,4.489,4.061,4.142,3.995,5.664,3.291,4.215,3.877,4.085,4.083,5.031,4.309,3.832
6/17/1980,3.7148,4.13,5.455,3.292,4.651,3.34,4.305,4.395,2.972,4.855,5.777,3.611,4.868,3.839,5.233,4.845,3.92,3.632,4.213,4.794,4.769,3.465,4.733,4.331,3.726,3.184,4.956,4.461,5.285,4.433,4.817,3.955,4.759,4.199,3.674,4.586,5.318,3.449,4.627,4.83,5.929,4.134,4.695,4.265,4.294,3.238,3.776,4.384,3.332,3.773,4.784,4.293,3.443,4.327,4.702,5.071,5.467,4.099,2.74,3.876,6.069,4.846,5.148,3.214,3.802,3.381,4.223,3.708,3.982,3.586,3.864,4.658,3.476,4.13,3.092,4.434,4.216,3.663,3.484,4.151,4.163,3.517,4.279,4.564,4.427,3.881,3.454,2.904,4.506,4.148,4.156,4.021,5.881,3.425,4.38,4.032,4.191,4.076,5.068,4.302,3.847
6/18/1980,4.7442,4.336,5.799,3.432,5.117,3.619,4.486,4.488,3.023,4.989,5.962,4.2,5.131,4.199,5.381,4.949,4.059,3.726,4.351,4.964,4.964,3.679,4.976,4.701,3.956,3.265,5.108,4.569,5.621,4.659,5.466,4.116,5.075,4.421,3.916,4.834,5.477,3.54,4.777,5.129,6.163,4.36,4.86,4.519,4.46,3.325,4.002,4.583,3.597,3.921,5.294,4.523,3.61,4.867,4.997,5.252,5.655,4.199,2.723,4.011,6.461,4.98,5.447,3.262,3.899,3.53,4.41,3.926,4.23,3.634,3.937,4.769,3.514,4.448,3.286,4.573,4.396,3.886,3.606,4.254,4.353,3.651,4.367,4.779,4.711,4.082,3.626,2.795,4.639,4.4,4.277,4.171,6.378,3.728,4.721,4.347,4.459,4.157,5.258,4.424,4.001
6/19/1980,5.1023,4.796,6.507,3.773,5.785,4.034,4.901,4.759,3.254,5.381,6.455,4.96,5.687,4.695,5.798,5.245,4.393,4.023,4.719,5.405,5.327,4.076,5.47,5.233,4.357,3.538,5.538,4.909,6.305,5.138,6.45,4.501,5.704,4.894,4.345,5.375,5.938,3.837,5.192,5.713,6.731,4.797,5.261,4.961,4.872,3.604,4.441,5.032,4.081,4.298,5.986,4.966,3.979,5.579,5.544,5.731,6.122,4.513,2.869,4.364,7.266,5.368,6.086,3.506,4.219,3.844,4.856,4.307,4.666,3.829,4.205,5.1,3.723,4.978,3.645,4.947,4.782,4.297,3.929,4.542,4.767,3.999,4.661,5.243,5.227,4.532,3.962,2.78,4.992,4.899,4.613,4.542,7.315,4.19,5.313,4.848,4.948,4.429,5.729,4.792,4.381
6/20/1980,5.9974,4.789,6.443,3.818,5.589,3.923,4.918,4.927,3.362,5.518,6.548,4.731,5.661,4.393,5.933,5.367,4.431,4.122,4.813,5.487,5.19,4.029,5.454,5.046,4.295,3.64,5.64,5.033,6.234,5.129,6.036,4.566,5.63,4.891,4.298,5.379,6.037,3.923,5.295,5.636,6.789,4.771,5.323,4.854,4.945,3.694,4.433,5.044,3.98,4.359,5.781,4.922,3.983,5.376,5.516,5.809,6.216,4.644,3.002,4.417,7.186,5.518,6.065,3.617,4.318,3.824,4.881,4.248,4.6,3.974,4.328,5.196,3.85,4.845,3.61,5.045,4.768,4.243,3.962,4.631,4.773,4.083,4.792,5.258,5.074,4.519,3.953,2.994,5.122,4.85,4.737,4.585,7.122,4.064,5.178,4.759,4.895,4.555,5.809,4.892,4.395
6/21/1980,6.4674,4.584,6.128,3.682,5.324,3.751,4.722,4.853,3.264,5.369,6.324,4.486,5.407,4.051,5.765,5.249,4.289,3.999,4.667,5.302,4.949,3.854,5.234,4.808,4.114,3.528,5.457,4.894,5.92,4.914,5.547,4.415,5.35,4.685,4.133,5.15,5.831,3.798,5.127,5.368,6.528,4.58,5.15,4.65,4.781,3.585,4.255,4.84,3.781,4.204,5.52,4.71,3.828,5.13,5.283,5.602,6.014,4.525,2.936,4.269,6.819,5.372,5.786,3.514,4.187,3.679,4.683,4.09,4.408,3.915,4.221,5.051,3.766,4.607,3.457,4.892,4.589,4.062,3.828,4.513,4.588,3.946,4.685,5.065,4.812,4.327,3.809,3.015,4.998,4.633,4.62,4.43,6.657,3.871,4.919,4.564,4.679,4.455,5.61,4.738,4.219
6/22/1980,6.0646,4.462,5.942,3.596,5.163,3.643,4.596,4.792,3.197,5.261,6.17,4.338,5.253,3.801,5.644,5.162,4.195,3.912,4.569,5.178,4.787,3.748,5.096,4.652,3.998,3.451,5.333,4.796,5.735,4.782,5.246,4.318,5.189,4.557,4.037,5.01,5.691,3.715,5.015,5.207,6.355,4.459,5.034,4.527,4.676,3.512,4.149,4.709,3.678,4.107,5.349,4.574,3.736,4.983,5.137,5.467,5.877,4.441,2.889,4.17,6.602,5.268,5.619,3.445,4.101,3.585,4.559,3.995,4.286,3.86,4.142,4.948,3.701,4.459,3.367,4.788,4.469,3.955,3.747,4.429,4.466,3.859,4.606,4.946,4.662,4.218,3.718,3.005,4.909,4.502,4.539,4.333,6.416,3.756,4.776,4.45,4.546,4.379,5.48,4.633,4.109
6/23/1980,6.1317,4.208,5.567,3.413,4.833,3.413,4.353,4.638,3.055,5.032,5.874,4.011,4.945,3.411,5.396,4.974,3.997,3.732,4.358,4.928,4.521,3.53,4.82,4.349,3.762,3.291,5.081,4.593,5.368,4.518,4.777,4.11,4.858,4.299,3.817,4.725,5.415,3.542,4.779,4.894,6.02,4.214,4.796,4.281,4.453,3.35,3.921,4.448,3.454,3.905,5.002,4.311,3.538,4.649,4.834,5.193,5.606,4.255,2.789,3.963,6.173,5.047,5.284,3.3,3.919,3.392,4.309,3.781,4.039,3.728,3.975,4.737,3.565,4.172,3.172,4.571,4.238,3.731,3.569,4.247,4.224,3.674,4.429,4.699,4.385,3.986,3.519,2.973,4.711,4.23,4.353,4.128,5.982,3.516,4.489,4.194,4.274,4.208,5.217,4.417,3.887
6/24/1980,5.617,3.823,5.001,3.13,4.333,3.059,3.995,4.385,2.836,4.677,5.435,3.493,4.482,2.892,5.017,4.682,3.692,3.457,4.032,4.546,4.161,3.2,4.407,3.897,3.409,3.045,4.699,4.281,4.818,4.121,4.132,3.789,4.357,3.911,3.475,4.291,5.001,3.277,4.416,4.431,5.52,3.844,4.436,3.913,4.11,3.101,3.57,4.057,3.111,3.592,4.471,3.923,3.235,4.119,4.374,4.779,5.196,3.965,2.634,3.649,5.531,4.703,4.778,3.075,3.637,3.101,3.932,3.446,3.668,3.515,3.718,4.417,3.354,3.748,2.874,4.237,3.897,3.389,3.297,3.964,3.859,3.388,4.152,4.32,3.983,3.63,3.218,2.911,4.399,3.818,4.056,3.812,5.344,3.148,4.062,3.79,3.858,3.94,4.815,4.088,3.554
6/25/1980,5.3037,3.668,4.79,2.991,4.219,2.97,3.82,4.206,2.688,4.454,5.173,3.401,4.295,2.76,4.782,4.494,3.543,3.287,3.85,4.335,4.052,3.089,4.238,3.773,3.287,2.889,4.477,4.077,4.615,3.954,3.991,3.62,4.186,3.753,3.382,4.11,4.754,3.116,4.207,4.271,5.252,3.698,4.241,3.82,3.925,2.954,3.436,3.881,3.05,3.431,4.344,3.773,3.105,4.015,4.195,4.553,4.962,3.772,2.482,3.486,5.283,4.482,4.572,2.915,3.464,2.982,3.759,3.359,3.534,3.347,3.535,4.222,3.183,3.629,2.771,4.046,3.758,3.272,3.161,3.797,3.694,3.229,3.969,4.148,3.884,3.488,3.097,2.745,4.207,3.68,3.873,3.654,5.161,3.047,3.966,3.675,3.714,3.763,4.599,3.896,3.4
6/26/1980,5.7289,3.531,4.601,2.879,4.103,2.876,3.677,4.077,2.577,4.28,4.963,3.303,4.13,2.597,4.598,4.351,3.414,3.154,3.705,4.167,3.932,2.986,4.094,3.643,3.172,2.772,4.298,3.918,4.433,3.813,3.848,3.485,4.028,3.616,3.29,3.957,4.553,2.989,4.04,4.128,5.034,3.57,4.082,3.722,3.777,2.839,3.322,3.728,2.985,3.303,4.214,3.64,2.992,3.906,4.041,4.369,4.779,3.626,2.369,3.349,5.062,4.316,4.397,2.793,3.327,2.872,3.612,3.27,3.409,3.221,3.396,4.065,3.055,3.515,2.679,3.895,3.634,3.163,3.045,3.661,3.549,3.109,3.828,4.005,3.78,3.366,2.989,2.625,4.062,3.551,3.733,3.525,5.012,2.95,3.87,3.565,3.581,3.625,4.428,3.74,3.266
6/27/1980,5.6618,3.24,4.182,2.664,3.762,2.621,3.408,3.871,2.401,3.998,4.622,2.963,3.785,2.227,4.301,4.118,3.174,2.938,3.449,3.871,3.664,2.743,3.788,3.325,2.913,2.579,3.997,3.67,4.028,3.518,3.439,3.238,3.659,3.328,3.039,3.633,4.228,2.778,3.755,3.792,4.65,3.296,3.803,3.456,3.511,2.642,3.064,3.429,2.746,3.063,3.849,3.355,2.762,3.547,3.703,4.046,4.463,3.394,2.232,3.104,4.589,4.047,4.022,2.609,3.101,2.649,3.326,3.024,3.136,3.043,3.189,3.81,2.88,3.217,2.461,3.633,3.377,2.911,2.829,3.432,3.271,2.892,3.604,3.72,3.496,3.098,2.76,2.539,3.817,3.247,3.497,3.281,4.582,2.689,3.573,3.271,3.275,3.406,4.12,3.481,3.011
6/28/1980,4.2295,2.929,3.731,2.426,3.364,2.338,3.115,3.626,2.208,3.686,4.254,2.538,3.413,1.83,3.971,3.854,2.913,2.7,3.165,3.546,3.39,2.483,3.451,2.968,2.628,2.365,3.669,3.394,3.592,3.196,2.976,2.967,3.264,3.016,2.766,3.28,3.877,2.549,3.442,3.428,4.233,2.996,3.495,3.168,3.217,2.427,2.779,3.109,2.485,2.798,3.42,3.044,2.514,3.107,3.33,3.696,4.114,3.133,2.085,2.838,4.08,3.742,3.613,2.41,2.853,2.408,3.02,2.753,2.836,2.836,2.959,3.532,2.684,2.886,2.225,3.345,3.104,2.639,2.597,3.178,2.973,2.652,3.353,3.404,3.194,2.809,2.513,2.435,3.535,2.921,3.229,3.012,4.097,2.395,3.247,2.937,2.939,3.16,3.78,3.199,2.738
6/29/1980,4.0505,2.814,3.578,2.315,3.299,2.282,2.984,3.468,2.088,3.501,4.038,2.495,3.275,1.777,3.775,3.695,2.793,2.562,3.018,3.376,3.319,2.404,3.323,2.895,2.54,2.239,3.487,3.224,3.448,3.068,2.962,2.83,3.143,2.898,2.696,3.145,3.677,2.417,3.273,3.318,4.02,2.884,3.337,3.118,3.065,2.306,2.681,2.973,2.442,2.669,3.351,2.939,2.408,3.048,3.199,3.515,3.922,2.972,1.951,2.71,3.904,3.561,3.463,2.277,2.71,2.317,2.887,2.7,2.737,2.689,2.807,3.371,2.537,2.812,2.151,3.187,2.999,2.557,2.484,3.035,2.845,2.527,3.199,3.269,3.138,2.703,2.415,2.277,3.371,2.821,3.073,2.884,4.009,2.327,3.187,2.856,2.84,3.011,3.608,3.042,2.619
6/30/1980,4.2967,2.901,3.758,2.352,3.533,2.397,3.043,3.408,2.058,3.484,4.065,2.801,3.39,1.902,3.762,3.648,2.809,2.544,3.028,3.408,3.395,2.481,3.415,3.062,2.616,2.228,3.5,3.205,3.633,3.158,3.623,2.86,3.303,2.985,2.778,3.263,3.692,2.411,3.283,3.487,4.082,2.96,3.357,3.247,3.097,2.286,2.769,3.031,2.607,2.705,3.588,3.018,2.459,3.28,3.294,3.557,3.953,2.939,1.887,2.728,4.121,3.551,3.624,2.253,2.714,2.346,2.95,2.777,2.822,2.617,2.767,3.34,2.485,2.976,2.207,3.189,3.062,2.64,2.519,3.004,2.893,2.547,3.158,3.345,3.335,2.804,2.427,2.145,3.36,2.923,3.055,2.92,4.5,2.459,3.407,2.979,2.943,2.963,3.653,3.041,2.663
7/1/1980,5.0352,2.809,3.653,2.288,3.474,2.321,2.961,3.332,1.988,3.386,3.96,2.77,3.287,1.778,3.664,3.544,2.722,2.462,2.944,3.32,3.303,2.403,3.337,2.97,2.531,2.163,3.399,3.112,3.534,3.078,3.681,2.779,3.202,2.914,2.706,3.184,3.58,2.331,3.186,3.42,3.966,2.885,3.262,3.172,3.012,2.205,2.693,2.94,2.589,2.63,3.521,2.928,2.381,3.213,3.195,3.455,3.861,2.847,1.815,2.646,4.009,3.466,3.537,2.179,2.635,2.262,2.861,2.689,2.728,2.534,2.676,3.234,2.409,2.917,2.13,3.097,2.996,2.553,2.443,2.908,2.808,2.481,3.066,3.259,3.282,2.72,2.322,2.073,3.286,2.837,2.972,2.835,4.492,2.381,3.373,2.891,2.854,2.868,3.559,2.952,2.576
7/2/1980,4.4981,2.696,3.504,2.206,3.357,2.219,2.858,3.254,1.913,3.278,3.834,2.662,3.154,1.589,3.553,3.445,2.624,2.375,2.844,3.21,3.171,2.303,3.225,2.843,2.43,2.086,3.282,3.011,3.387,2.968,3.551,2.684,3.065,2.811,2.61,3.069,3.452,2.241,3.073,3.306,3.822,2.786,3.153,3.06,2.907,2.12,2.594,2.824,2.517,2.534,3.39,2.814,2.289,3.087,3.066,3.331,3.747,2.752,1.751,2.55,3.845,3.366,3.405,2.102,2.545,2.167,2.75,2.587,2.618,2.465,2.589,3.128,2.335,2.814,2.038,2.994,2.902,2.447,2.354,2.809,2.703,2.397,2.974,3.147,3.176,2.612,2.219,2.036,3.2,2.723,2.88,2.735,4.368,2.275,3.279,2.774,2.733,2.776,3.441,2.851,2.474
7/3/1980,4.6771,2.891,3.876,2.328,3.71,2.38,3.033,3.253,1.942,3.372,4.034,3.121,3.419,1.909,3.66,3.458,2.701,2.432,2.953,3.379,3.364,2.444,3.452,3.111,2.564,2.149,3.432,3.101,3.751,3.19,4.861,2.816,3.371,3.002,2.717,3.335,3.619,2.327,3.203,3.643,4.076,2.962,3.291,3.254,3.054,2.157,2.771,2.99,2.73,2.681,3.75,2.982,2.429,3.43,3.263,3.528,3.93,2.809,1.772,2.651,4.294,3.469,3.765,2.175,2.653,2.233,2.927,2.677,2.788,2.448,2.635,3.171,2.37,3.08,2.14,3.096,3.046,2.604,2.49,2.835,2.847,2.508,3.004,3.349,3.533,2.833,2.259,1.97,3.284,2.903,2.946,2.878,5.198,2.486,3.62,2.968,2.909,2.782,3.624,2.951,2.615
7/4/1980,4.4309,2.575,3.403,2.117,3.254,2.084,2.753,3.175,1.817,3.166,3.724,2.55,3.029,1.38,3.444,3.309,2.503,2.268,2.736,3.111,3.049,2.188,3.144,2.676,2.3,1.998,3.164,2.895,3.276,2.879,3.489,2.587,2.953,2.734,2.522,2.984,3.319,2.128,2.955,3.236,3.692,2.703,3.037,2.925,2.8,2.007,2.494,2.714,2.516,2.428,3.263,2.682,2.191,2.956,2.937,3.211,3.648,2.641,1.661,2.446,3.747,3.267,3.311,2.008,2.437,2.035,2.637,2.446,2.485,2.374,2.474,2.999,2.24,2.733,1.917,2.88,2.835,2.318,2.239,2.682,2.601,2.312,2.859,3.037,3.111,2.49,2.076,1.966,3.122,2.625,2.784,2.612,4.323,2.14,3.247,2.638,2.612,2.656,3.325,2.746,2.358
7/5/1980,3.8491,2.607,3.432,2.124,3.307,2.14,2.759,3.16,1.81,3.152,3.697,2.614,3.055,1.341,3.425,3.322,2.513,2.268,2.735,3.101,3.031,2.213,3.148,2.736,2.347,1.99,3.148,2.882,3.305,2.885,3.491,2.587,2.989,2.738,2.554,2.997,3.302,2.124,2.945,3.263,3.68,2.715,3.036,2.987,2.795,2.012,2.519,2.718,2.528,2.43,3.308,2.709,2.205,3.024,2.964,3.2,3.632,2.63,1.643,2.449,3.773,3.249,3.329,1.999,2.437,2.06,2.647,2.518,2.525,2.374,2.47,2.997,2.226,2.772,1.955,2.877,2.835,2.354,2.26,2.685,2.603,2.307,2.861,3.048,3.146,2.527,2.112,1.948,3.115,2.65,2.776,2.628,4.403,2.193,3.28,2.694,2.638,2.657,3.321,2.735,2.374
7/6/1980,3.7148,2.374,3.057,1.965,3.008,1.958,2.548,3.041,1.706,2.96,3.425,2.31,2.767,1.011,3.217,3.186,2.351,2.131,2.554,2.875,2.782,2.039,2.892,2.486,2.167,1.865,2.921,2.709,2.945,2.64,2.794,2.403,2.672,2.509,2.378,2.718,3.057,1.979,2.738,2.954,3.37,2.501,2.829,2.782,2.593,1.892,2.316,2.491,2.307,2.248,3.003,2.496,2.031,2.744,2.714,2.944,3.382,2.48,1.559,2.279,3.34,3.061,2.987,1.874,2.273,1.919,2.425,2.364,2.319,2.288,2.342,2.84,2.118,2.522,1.811,2.692,2.637,2.167,2.093,2.543,2.403,2.149,2.728,2.815,2.858,2.302,1.977,1.921,2.946,2.415,2.618,2.442,3.843,1.986,2.978,2.471,2.411,2.533,3.08,2.551,2.184
7/7/1980,3.3344,2.215,2.793,1.845,2.807,1.841,2.394,2.918,1.62,2.803,3.218,2.124,2.569,0.776,3.046,3.071,2.227,2.021,2.411,2.698,2.582,1.918,2.697,2.331,2.043,1.762,2.749,2.573,2.694,2.459,2.405,2.264,2.454,2.334,2.244,2.515,2.874,1.872,2.58,2.734,3.142,2.34,2.674,2.637,2.44,1.798,2.171,2.324,2.131,2.114,2.795,2.347,1.909,2.558,2.532,2.756,3.188,2.359,1.496,2.148,3.037,2.903,2.744,1.782,2.148,1.818,2.267,2.257,2.181,2.204,2.242,2.714,2.029,2.344,1.715,2.548,2.475,2.042,1.981,2.428,2.253,2.027,2.617,2.645,2.661,2.155,1.882,1.886,2.797,2.246,2.484,2.31,3.505,1.855,2.766,2.316,2.242,2.424,2.898,2.406,2.051
7/8/1980,2.9763,2.324,2.986,1.904,2.998,1.957,2.471,2.89,1.62,2.823,3.285,2.378,2.707,0.842,3.07,3.061,2.268,2.036,2.454,2.76,2.642,2.002,2.798,2.488,2.129,1.781,2.8,2.591,2.89,2.561,3.04,2.32,2.622,2.427,2.317,2.648,2.933,1.905,2.625,2.907,3.24,2.422,2.725,2.771,2.5,1.807,2.264,2.406,2.252,2.18,2.988,2.438,1.982,2.754,2.635,2.836,3.251,2.361,1.476,2.19,3.26,2.927,2.923,1.797,2.193,1.868,2.356,2.344,2.274,2.169,2.24,2.719,2.016,2.487,1.783,2.582,2.545,2.134,2.054,2.434,2.322,2.068,2.609,2.741,2.856,2.277,1.912,1.812,2.819,2.349,2.495,2.375,3.951,1.98,2.954,2.438,2.345,2.409,2.972,2.438,2.122
7/9/1980,3.6477,2.279,2.963,1.871,2.985,1.918,2.429,2.823,1.571,2.757,3.233,2.401,2.667,0.762,3.006,2.968,2.211,1.98,2.401,2.713,2.595,1.964,2.768,2.447,2.079,1.74,2.743,2.527,2.868,2.53,3.253,2.274,2.593,2.398,2.275,2.622,2.872,1.859,2.567,2.9,3.187,2.388,2.67,2.729,2.454,1.747,2.225,2.364,2.263,2.141,2.97,2.391,1.943,2.735,2.585,2.786,3.202,2.296,1.428,2.142,3.244,2.871,2.905,1.753,2.147,1.815,2.313,2.279,2.222,2.098,2.172,2.644,1.961,2.474,1.736,2.52,2.511,2.088,2.012,2.362,2.281,2.03,2.533,2.697,2.87,2.24,1.833,1.747,2.765,2.312,2.435,2.324,4.038,1.945,2.968,2.393,2.301,2.331,2.92,2.382,2.079
7/10/1980,3.4015,2.054,2.614,1.717,2.645,1.715,2.226,2.715,1.478,2.583,2.985,2.02,2.39,0.367,2.818,2.83,2.052,1.854,2.23,2.503,2.318,1.793,2.525,2.162,1.895,1.626,2.536,2.363,2.527,2.296,2.337,2.095,2.3,2.189,2.117,2.357,2.646,1.719,2.375,2.596,2.902,2.188,2.471,2.491,2.262,1.635,2.027,2.158,2.065,1.962,2.628,2.181,1.773,2.404,2.352,2.547,2.969,2.161,1.35,1.989,2.844,2.695,2.573,1.636,1.983,1.675,2.104,2.116,2.012,2.023,2.051,2.501,1.859,2.221,1.589,2.346,2.328,1.9,1.835,2.23,2.097,1.883,2.411,2.463,2.561,2.008,1.706,1.722,2.605,2.101,2.29,2.132,3.426,1.722,2.671,2.162,2.09,2.217,2.691,2.218,1.899
7/11/1980,3.0659,1.941,2.413,1.63,2.485,1.633,2.109,2.611,1.417,2.462,2.823,1.879,2.245,0.126,2.685,2.746,1.96,1.775,2.123,2.366,2.118,1.707,2.369,2.054,1.811,1.55,2.402,2.259,2.336,2.153,1.974,1.989,2.141,2.052,2.019,2.201,2.507,1.641,2.256,2.422,2.727,2.063,2.352,2.379,2.143,1.569,1.921,2.034,1.911,1.86,2.468,2.074,1.683,2.263,2.22,2.402,2.815,2.071,1.305,1.893,2.613,2.569,2.384,1.57,1.889,1.603,1.988,2.047,1.915,1.964,1.979,2.41,1.79,2.081,1.525,2.236,2.195,1.813,1.749,2.145,1.984,1.789,2.329,2.33,2.396,1.903,1.648,1.696,2.485,1.977,2.185,2.032,3.166,1.631,2.498,2.052,1.966,2.139,2.55,2.108,1.804
7/12/1980,2.663,1.846,2.264,1.553,2.362,1.567,2.006,2.499,1.35,2.342,2.676,1.787,2.129,0,2.555,2.643,1.873,1.693,2.021,2.242,1.94,1.636,2.243,1.966,1.734,1.476,2.279,2.15,2.198,2.039,1.778,1.892,2.026,1.944,1.935,2.081,2.378,1.564,2.143,2.297,2.573,1.959,2.238,2.296,2.037,1.497,1.833,1.93,1.801,1.771,2.35,1.981,1.606,2.158,2.109,2.274,2.676,1.972,1.243,1.803,2.444,2.448,2.243,1.497,1.8,1.538,1.89,1.986,1.826,1.881,1.893,2.311,1.707,1.976,1.466,2.128,2.088,1.739,1.672,2.054,1.888,1.703,2.233,2.219,2.283,1.817,1.581,1.633,2.37,1.878,2.079,1.938,2.994,1.555,2.375,1.961,1.869,2.047,2.424,2.003,1.719
7/13/1980,2.5064,1.713,2.063,1.45,2.189,1.464,1.873,2.359,1.267,2.193,2.498,1.648,1.97,0,2.395,2.506,1.757,1.588,1.89,2.088,1.736,1.537,2.08,1.837,1.62,1.384,2.126,2.017,2.007,1.888,1.516,1.767,1.862,1.801,1.817,1.918,2.217,1.465,2.001,2.124,2.382,1.822,2.096,2.16,1.901,1.403,1.709,1.794,1.658,1.653,2.181,1.855,1.5,1.997,1.958,2.112,2.502,1.852,1.175,1.689,2.219,2.297,2.054,1.41,1.683,1.445,1.76,1.879,1.701,1.78,1.787,2.186,1.611,1.832,1.379,1.99,1.946,1.632,1.565,1.936,1.763,1.596,2.111,2.068,2.123,1.692,1.483,1.564,2.222,1.743,1.947,1.814,2.748,1.445,2.206,1.825,1.732,1.93,2.263,1.873,1.605
7/14/1980,2.305,1.613,1.912,1.367,2.075,1.389,1.768,2.221,1.196,2.07,2.365,1.58,1.852,0,2.264,2.384,1.662,1.496,1.78,1.964,1.577,1.459,1.949,1.758,1.531,1.304,2.004,1.908,1.866,1.77,1.46,1.669,1.74,1.685,1.714,1.792,2.095,1.382,1.885,1.996,2.24,1.714,1.984,2.043,1.793,1.321,1.611,1.687,1.535,1.559,2.067,1.756,1.419,1.881,1.837,1.988,2.367,1.749,1.121,1.593,2.057,2.17,1.914,1.339,1.588,1.367,1.661,1.777,1.608,1.686,1.699,2.077,1.529,1.72,1.311,1.877,1.823,1.551,1.481,1.834,1.664,1.509,2.002,1.95,2.004,1.598,1.398,1.504,2.094,1.636,1.832,1.716,2.63,1.37,2.084,1.717,1.615,1.823,2.137,1.764,1.516
7/15/1980,2.2177,1.594,1.908,1.343,2.074,1.378,1.737,2.131,1.153,2.007,2.325,1.619,1.841,0,2.2,2.301,1.62,1.448,1.734,1.921,1.517,1.439,1.917,1.761,1.502,1.267,1.956,1.853,1.866,1.743,1.762,1.635,1.735,1.656,1.67,1.776,2.051,1.346,1.836,1.999,2.202,1.684,1.939,2.021,1.757,1.273,1.588,1.658,1.501,1.53,2.07,1.73,1.395,1.861,1.805,1.953,2.324,1.687,1.079,1.552,2.066,2.11,1.915,1.303,1.553,1.333,1.637,1.732,1.582,1.616,1.643,2.009,1.475,1.707,1.287,1.824,1.781,1.531,1.458,1.773,1.634,1.476,1.929,1.918,2.018,1.587,1.346,1.444,2.031,1.609,1.769,1.681,2.774,1.367,2.09,1.693,1.583,1.751,2.097,1.714,1.488
7/16/1980,2.0745,1.46,1.719,1.244,1.879,1.261,1.611,2.006,1.082,1.87,2.154,1.423,1.681,0,2.053,2.161,1.508,1.35,1.611,1.781,1.372,1.342,1.772,1.605,1.383,1.184,1.814,1.725,1.683,1.604,1.355,1.513,1.58,1.53,1.569,1.621,1.898,1.249,1.704,1.829,2.023,1.561,1.803,1.883,1.627,1.187,1.466,1.533,1.397,1.414,1.879,1.605,1.289,1.67,1.664,1.8,2.157,1.576,1.014,1.452,1.855,1.97,1.729,1.219,1.436,1.242,1.512,1.623,1.45,1.522,1.539,1.893,1.384,1.567,1.198,1.692,1.665,1.423,1.341,1.661,1.52,1.377,1.816,1.767,1.856,1.452,1.249,1.368,1.893,1.491,1.65,1.554,2.462,1.243,1.929,1.553,1.461,1.643,1.943,1.598,1.379
7/17/1980,1.9917,1.426,1.661,1.215,1.821,1.232,1.567,1.942,1.058,1.813,2.085,1.383,1.637,0,1.991,2.11,1.468,1.316,1.569,1.726,1.28,1.314,1.714,1.574,1.354,1.155,1.759,1.676,1.63,1.553,1.274,1.469,1.538,1.481,1.529,1.571,1.842,1.217,1.655,1.776,1.959,1.514,1.752,1.845,1.58,1.156,1.428,1.491,1.336,1.376,1.827,1.57,1.254,1.617,1.621,1.745,2.091,1.533,0.989,1.416,1.793,1.911,1.673,1.191,1.398,1.211,1.472,1.597,1.414,1.485,1.501,1.847,1.345,1.519,1.176,1.642,1.611,1.393,1.305,1.617,1.479,1.34,1.771,1.717,1.804,1.42,1.222,1.335,1.835,1.452,1.6,1.514,2.415,1.217,1.872,1.519,1.421,1.601,1.888,1.551,1.346
7/18/1980,1.844,1.361,1.563,1.161,1.747,1.183,1.497,1.848,1.012,1.73,1.99,1.341,1.56,0,1.901,2.028,1.408,1.257,1.496,1.644,1.191,1.262,1.631,1.524,1.295,1.104,1.677,1.602,1.536,1.477,1.211,1.404,1.459,1.404,1.462,1.487,1.759,1.161,1.579,1.69,1.862,1.445,1.678,1.772,1.508,1.104,1.363,1.421,1.255,1.312,1.751,1.508,1.199,1.544,1.544,1.662,1.996,1.464,0.952,1.355,1.685,1.825,1.58,1.142,1.333,1.163,1.407,1.532,1.353,1.425,1.442,1.775,1.289,1.446,1.131,1.565,1.531,1.339,1.245,1.549,1.414,1.283,1.697,1.637,1.722,1.359,1.167,1.293,1.748,1.385,1.525,1.449,2.315,1.168,1.788,1.448,1.346,1.532,1.803,1.48,1.289
7/19/1980,1.7097,1.33,1.526,1.133,1.702,1.155,1.457,1.782,0.983,1.671,1.924,1.314,1.526,0,1.838,1.967,1.369,1.22,1.453,1.594,1.122,1.235,1.587,1.495,1.263,1.074,1.623,1.549,1.503,1.438,1.21,1.364,1.431,1.367,1.423,1.45,1.703,1.126,1.53,1.657,1.804,1.407,1.628,1.746,1.465,1.069,1.331,1.384,1.211,1.276,1.711,1.475,1.167,1.498,1.505,1.612,1.933,1.414,0.919,1.32,1.648,1.767,1.544,1.109,1.296,1.132,1.372,1.503,1.317,1.378,1.396,1.722,1.244,1.413,1.107,1.513,1.489,1.31,1.211,1.499,1.376,1.247,1.644,1.594,1.691,1.332,1.131,1.248,1.69,1.354,1.474,1.408,2.3,1.144,1.751,1.416,1.313,1.483,1.751,1.433,1.257
7/20/1980,1.6045,1.25,1.406,1.07,1.597,1.089,1.376,1.682,0.935,1.579,1.81,1.233,1.43,0,1.737,1.873,1.298,1.154,1.371,1.5,1.037,1.174,1.492,1.418,1.19,1.017,1.529,1.467,1.387,1.349,1.039,1.288,1.334,1.28,1.35,1.35,1.606,1.064,1.444,1.548,1.691,1.327,1.542,1.655,1.381,1.012,1.252,1.302,1.129,1.202,1.602,1.4,1.101,1.397,1.414,1.515,1.82,1.34,0.88,1.254,1.515,1.67,1.427,1.056,1.221,1.075,1.295,1.427,1.24,1.314,1.329,1.643,1.184,1.324,1.053,1.425,1.403,1.243,1.138,1.422,1.301,1.182,1.564,1.498,1.584,1.254,1.068,1.2,1.592,1.278,1.393,1.332,2.13,1.076,1.644,1.328,1.228,1.407,1.651,1.355,1.191
7/21/1980,1.5016,1.206,1.34,1.033,1.527,1.05,1.325,1.609,0.904,1.512,1.724,1.182,1.376,0,1.662,1.808,1.251,1.112,1.319,1.437,0.964,1.137,1.431,1.374,1.148,0.981,1.463,1.408,1.326,1.294,0.941,1.238,1.282,1.226,1.302,1.292,1.538,1.023,1.387,1.485,1.615,1.276,1.482,1.611,1.327,0.975,1.206,1.252,1.065,1.156,1.536,1.357,1.06,1.332,1.36,1.45,1.739,1.287,0.848,1.211,1.442,1.601,1.363,1.018,1.174,1.038,1.247,1.391,1.194,1.268,1.281,1.585,1.136,1.27,1.022,1.364,1.348,1.204,1.093,1.367,1.252,1.138,1.508,1.44,1.521,1.212,1.03,1.158,1.522,1.233,1.335,1.283,2.039,1.039,1.575,1.28,1.18,1.355,1.584,1.301,1.151
7/22/1980,1.421,1.146,1.257,0.983,1.428,0.99,1.253,1.509,0.857,1.416,1.603,1.108,1.303,0,1.556,1.715,1.183,1.052,1.245,1.349,0.867,1.082,1.351,1.304,1.089,0.93,1.369,1.321,1.247,1.22,0.814,1.168,1.215,1.153,1.235,1.215,1.441,0.966,1.305,1.405,1.509,1.207,1.395,1.554,1.25,0.919,1.142,1.181,0.985,1.091,1.439,1.296,1.002,1.24,1.284,1.359,1.623,1.209,0.8,1.15,1.349,1.502,1.28,0.964,1.109,0.982,1.181,1.339,1.127,1.202,1.209,1.501,1.066,1.2,0.975,1.277,1.276,1.145,1.029,1.286,1.181,1.076,1.426,1.361,1.441,1.158,0.973,1.096,1.426,1.173,1.254,1.214,1.92,0.983,1.486,1.213,1.111,1.281,1.49,1.223,1.096
7/23/1980,1.3449,1.104,1.196,0.949,1.368,0.952,1.205,1.446,0.825,1.354,1.524,1.073,1.252,0,1.487,1.657,1.139,1.012,1.196,1.29,0.806,1.045,1.296,1.262,1.05,0.896,1.308,1.267,1.189,1.17,0.734,1.122,1.165,1.102,1.192,1.161,1.377,0.928,1.252,1.347,1.438,1.159,1.339,1.514,1.198,0.883,1.098,1.133,0.934,1.048,1.377,1.255,0.964,1.19,1.231,1.298,1.547,1.161,0.772,1.109,1.28,1.439,1.219,0.929,1.065,0.946,1.136,1.304,1.084,1.16,1.164,1.447,1.022,1.153,0.943,1.22,1.225,1.105,0.986,1.234,1.133,1.034,1.374,1.308,1.384,1.121,0.936,1.061,1.364,1.131,1.201,1.169,1.833,0.946,1.425,1.167,1.062,1.232,1.428,1.172,1.06
7/24/1980,1.3069,1.071,1.149,0.921,1.319,0.922,1.165,1.393,0.798,1.302,1.457,1.047,1.212,0,1.429,1.607,1.102,0.98,1.155,1.241,0.756,1.015,1.252,1.228,1.019,0.866,1.257,1.221,1.144,1.131,0.683,1.084,1.126,1.062,1.156,1.119,1.324,0.897,1.208,1.301,1.38,1.121,1.292,1.484,1.156,0.853,1.063,1.094,0.891,1.013,1.329,1.222,0.934,1.151,1.187,1.248,1.485,1.119,0.747,1.075,1.225,1.385,1.172,0.899,1.029,0.916,1.099,1.275,1.049,1.125,1.125,1.401,0.984,1.116,0.916,1.174,1.184,1.072,0.952,1.19,1.094,0.999,1.329,1.265,1.34,1.091,0.905,1.03,1.312,1.097,1.156,1.133,1.765,0.917,1.376,1.131,1.024,1.191,1.376,1.129,1.029
7/25/1980,1.2801,1.074,1.156,0.917,1.341,0.925,1.156,1.345,0.782,1.276,1.439,1.104,1.219,0,1.401,1.578,1.089,0.963,1.138,1.226,0.726,1.008,1.241,1.252,1.014,0.853,1.236,1.201,1.154,1.124,0.921,1.076,1.13,1.052,1.131,1.12,1.309,0.882,1.189,1.314,1.369,1.113,1.278,1.478,1.145,0.834,1.06,1.083,0.852,1.003,1.353,1.217,0.928,1.154,1.178,1.238,1.468,1.093,0.731,1.058,1.242,1.361,1.184,0.884,1.018,0.903,1.095,1.253,1.05,1.097,1.104,1.371,0.96,1.12,0.912,1.153,1.16,1.066,0.944,1.163,1.082,0.987,1.297,1.258,1.349,1.098,0.888,1.01,1.284,1.088,1.13,1.124,1.87,0.928,1.377,1.127,1.009,1.164,1.364,1.108,1.022
7/26/1980,1.1928,1.012,1.073,0.869,1.248,0.868,1.095,1.281,0.743,1.207,1.353,1.017,1.143,0,1.327,1.501,1.03,0.914,1.076,1.157,0.694,0.957,1.176,1.172,0.955,0.81,1.166,1.136,1.072,1.06,0.727,1.017,1.06,0.992,1.087,1.047,1.234,0.833,1.124,1.232,1.282,1.055,1.209,1.414,1.081,0.79,0.999,1.024,0.824,0.947,1.25,1.158,0.878,1.071,1.109,1.164,1.381,1.036,0.696,1.01,1.145,1.287,1.096,0.84,0.96,0.856,1.037,1.199,0.984,1.046,1.048,1.308,0.911,1.055,0.864,1.088,1.109,1.011,0.889,1.103,1.025,0.937,1.236,1.185,1.272,1.035,0.838,0.966,1.214,1.037,1.072,1.063,1.714,0.867,1.308,1.057,0.95,1.103,1.287,1.051,0.971
7/27/1980,1.1122,0.977,1.018,0.839,1.192,0.837,1.054,1.226,0.718,1.157,1.288,0.986,1.098,0,1.27,1.452,0.992,0.882,1.036,1.107,0.647,0.925,1.128,1.138,0.925,0.781,1.115,1.092,1.022,1.016,0.662,0.978,1.013,0.948,1.049,0.999,1.181,0.802,1.08,1.179,1.224,1.014,1.162,1.377,1.037,0.761,0.96,0.984,0.77,0.909,1.197,1.124,0.847,1.024,1.064,1.113,1.318,0.996,0.673,0.975,1.082,1.232,1.044,0.81,0.924,0.825,0.998,1.168,0.947,1.011,1.011,1.262,0.874,1.009,0.838,1.042,1.068,0.977,0.854,1.06,0.984,0.901,1.192,1.138,1.217,1.002,0.81,0.934,1.162,0.998,1.029,1.026,1.626,0.836,1.248,1.018,0.908,1.062,1.234,1.009,0.939
7/28/1980,1.0451,0.946,0.974,0.814,1.144,0.81,1.018,1.18,0.694,1.111,1.231,0.959,1.059,0,1.219,1.407,0.957,0.853,1,1.063,0.608,0.897,1.087,1.106,0.897,0.755,1.069,1.051,0.982,0.979,0.613,0.944,0.974,0.911,1.016,0.96,1.134,0.773,1.04,1.134,1.173,0.978,1.119,1.348,0.999,0.734,0.928,0.949,0.725,0.876,1.151,1.092,0.819,0.983,1.024,1.068,1.262,0.96,0.65,0.943,1.031,1.184,1,0.782,0.891,0.797,0.965,1.142,0.913,0.979,0.976,1.22,0.839,0.972,0.814,1.002,1.033,0.946,0.823,1.022,0.948,0.87,1.151,1.099,1.171,0.973,0.785,0.905,1.116,0.965,0.99,0.993,1.545,0.809,1.197,0.983,0.873,1.025,1.187,0.972,0.91
7/29/1980,1.016,0.921,0.942,0.793,1.1,0.785,0.986,1.138,0.671,1.068,1.178,0.938,1.027,0,1.17,1.365,0.924,0.828,0.968,1.024,0.565,0.872,1.053,1.077,0.874,0.731,1.027,1.013,0.954,0.947,0.592,0.914,0.943,0.879,0.985,0.928,1.091,0.747,1.004,1.098,1.126,0.946,1.079,1.327,0.964,0.71,0.901,0.918,0.683,0.848,1.114,1.065,0.795,0.945,0.989,1.028,1.212,0.925,0.627,0.914,0.994,1.139,0.966,0.756,0.862,0.769,0.935,1.12,0.883,0.948,0.943,1.179,0.806,0.944,0.791,0.965,1.004,0.919,0.796,0.983,0.915,0.841,1.113,1.066,1.132,0.951,0.761,0.875,1.074,0.936,0.954,0.963,1.488,0.785,1.153,0.954,0.843,0.99,1.145,0.937,0.884
7/30/1980,1.0585,0.959,1.01,0.816,1.171,0.815,1.011,1.116,0.672,1.071,1.204,1.046,1.08,0,1.175,1.368,0.934,0.834,0.982,1.045,0.542,0.892,1.083,1.141,0.9,0.739,1.039,1.022,1.025,0.978,1.061,0.935,0.989,0.907,0.971,0.978,1.112,0.753,1.014,1.171,1.162,0.972,1.097,1.354,0.986,0.709,0.934,0.937,0.632,0.867,1.204,1.091,0.815,0.975,1.019,1.058,1.243,0.92,0.624,0.918,1.085,1.15,1.041,0.761,0.878,0.772,0.963,1.116,0.919,0.941,0.944,1.169,0.801,0.991,0.81,0.977,1.004,0.943,0.813,0.976,0.931,0.854,1.106,1.101,1.19,0.994,0.769,0.871,1.078,0.951,0.953,0.982,1.72,0.83,1.189,0.989,0.86,0.987,1.175,0.94,0.9
7/31/1980,0.9936,0.908,0.951,0.777,1.102,0.762,0.961,1.075,0.639,1.019,1.143,0.967,1.018,0,1.122,1.302,0.883,0.793,0.933,0.994,0.539,0.845,1.036,1.063,0.852,0.704,0.985,0.97,0.963,0.93,0.873,0.886,0.938,0.863,0.949,0.921,1.053,0.712,0.963,1.109,1.093,0.93,1.041,1.297,0.936,0.671,0.881,0.893,0.649,0.822,1.109,1.04,0.775,0.908,0.964,1,1.179,0.874,0.594,0.879,1.016,1.094,0.971,0.724,0.832,0.731,0.918,1.066,0.861,0.899,0.897,1.118,0.763,0.945,0.765,0.927,0.972,0.893,0.767,0.928,0.886,0.813,1.057,1.041,1.14,0.939,0.725,0.834,1.03,0.918,0.911,0.929,1.618,0.772,1.158,0.929,0.813,0.938,1.115,0.896,0.858
8/1/1980,0.9332,0.88,0.909,0.756,1.063,0.741,0.932,1.046,0.622,0.988,1.1,0.942,0.982,0,1.086,1.27,0.856,0.771,0.906,0.961,0.513,0.82,1.004,1.034,0.833,0.685,0.952,0.942,0.926,0.899,0.783,0.859,0.9,0.831,0.928,0.886,1.016,0.691,0.933,1.068,1.053,0.902,1.009,1.268,0.905,0.652,0.852,0.865,0.624,0.796,1.068,1.014,0.752,0.878,0.932,0.965,1.137,0.849,0.577,0.855,0.967,1.059,0.93,0.703,0.807,0.71,0.89,1.045,0.832,0.878,0.872,1.087,0.74,0.913,0.745,0.898,0.949,0.867,0.743,0.902,0.859,0.789,1.029,1.007,1.098,0.911,0.706,0.815,1,0.892,0.886,0.903,1.537,0.748,1.119,0.9,0.785,0.912,1.079,0.869,0.834
8/2/1980,0.9108,0.846,0.858,0.728,1.015,0.716,0.896,1.01,0.601,0.95,1.049,0.913,0.937,0,1.043,1.231,0.823,0.745,0.872,0.921,0.489,0.791,0.964,1.001,0.806,0.661,0.912,0.907,0.879,0.86,0.684,0.827,0.854,0.794,0.903,0.842,0.974,0.665,0.897,1.015,1.004,0.865,0.971,1.234,0.868,0.629,0.817,0.831,0.591,0.764,1.019,0.982,0.726,0.845,0.891,0.922,1.086,0.819,0.558,0.826,0.905,1.016,0.878,0.677,0.775,0.687,0.856,1.02,0.797,0.851,0.843,1.052,0.713,0.873,0.72,0.864,0.921,0.836,0.714,0.87,0.825,0.759,0.995,0.966,1.045,0.878,0.684,0.791,0.961,0.859,0.855,0.872,1.42,0.718,1.067,0.862,0.751,0.879,1.034,0.837,0.805
8/3/1980,0.866,0.822,0.825,0.709,0.977,0.698,0.87,0.983,0.585,0.919,1.007,0.893,0.905,0,1.006,1.201,0.798,0.725,0.848,0.889,0.458,0.77,0.934,0.976,0.789,0.643,0.879,0.88,0.85,0.832,0.625,0.803,0.821,0.767,0.88,0.812,0.939,0.646,0.869,0.978,0.966,0.838,0.94,1.217,0.84,0.612,0.793,0.806,0.552,0.741,0.985,0.959,0.707,0.817,0.862,0.889,1.045,0.795,0.542,0.804,0.864,0.981,0.845,0.658,0.752,0.668,0.831,1.007,0.771,0.83,0.819,1.023,0.69,0.844,0.703,0.837,0.9,0.814,0.693,0.844,0.798,0.736,0.969,0.938,1.004,0.855,0.669,0.771,0.93,0.832,0.83,0.849,1.332,0.697,1.022,0.838,0.728,0.854,0.999,0.811,0.783
8/4/1980,0.8481,0.797,0.785,0.684,0.95,0.686,0.843,0.934,0.567,0.894,0.983,0.886,0.875,0,0.977,1.165,0.774,0.701,0.818,0.858,0.468,0.752,0.899,0.967,0.764,0.621,0.853,0.856,0.817,0.799,0.686,0.782,0.785,0.737,0.854,0.777,0.917,0.623,0.842,0.937,0.938,0.807,0.915,1.176,0.814,0.592,0.767,0.782,0.498,0.714,0.96,0.933,0.691,0.783,0.83,0.86,1.015,0.77,0.531,0.779,0.821,0.945,0.805,0.639,0.722,0.652,0.81,0.974,0.747,0.799,0.799,0.996,0.67,0.807,0.69,0.811,0.871,0.795,0.672,0.817,0.776,0.717,0.937,0.905,0.958,0.829,0.654,0.752,0.89,0.804,0.801,0.827,1.259,0.681,0.974,0.801,0.698,0.823,0.967,0.787,0.759
8/5/1980,0.7989,0.78,0.763,0.668,0.912,0.669,0.822,0.905,0.555,0.865,0.949,0.849,0.851,0,0.943,1.133,0.753,0.685,0.797,0.831,0.446,0.737,0.874,0.946,0.747,0.607,0.826,0.831,0.799,0.776,0.658,0.761,0.763,0.717,0.832,0.755,0.89,0.606,0.818,0.909,0.908,0.785,0.886,1.165,0.791,0.578,0.748,0.763,0.461,0.694,0.932,0.914,0.674,0.739,0.809,0.834,0.98,0.747,0.517,0.761,0.796,0.915,0.784,0.623,0.702,0.637,0.79,0.961,0.725,0.778,0.779,0.969,0.649,0.782,0.675,0.787,0.855,0.78,0.654,0.794,0.756,0.699,0.912,0.881,0.928,0.81,0.639,0.729,0.859,0.783,0.778,0.805,1.209,0.664,0.938,0.782,0.683,0.8,0.939,0.765,0.74
8/6/1980,0.7698,0.764,0.746,0.656,0.878,0.651,0.803,0.888,0.543,0.838,0.913,0.823,0.83,0,0.912,1.107,0.733,0.67,0.78,0.807,0.409,0.721,0.854,0.921,0.734,0.594,0.799,0.808,0.783,0.758,0.602,0.741,0.743,0.7,0.815,0.737,0.86,0.591,0.797,0.887,0.878,0.766,0.859,1.156,0.769,0.564,0.733,0.745,0.437,0.677,0.906,0.897,0.657,0.709,0.789,0.809,0.946,0.727,0.503,0.745,0.776,0.888,0.765,0.609,0.685,0.62,0.77,0.954,0.706,0.761,0.758,0.944,0.628,0.766,0.661,0.765,0.84,0.765,0.635,0.771,0.735,0.681,0.891,0.861,0.903,0.794,0.626,0.709,0.834,0.766,0.757,0.785,1.167,0.647,0.91,0.767,0.669,0.782,0.913,0.743,0.724
8/7/1980,0.7564,0.742,0.722,0.639,0.844,0.631,0.778,0.865,0.526,0.806,0.872,0.806,0.803,0,0.877,1.076,0.707,0.65,0.757,0.778,0.375,0.701,0.831,0.893,0.717,0.576,0.768,0.78,0.76,0.735,0.561,0.716,0.718,0.678,0.796,0.713,0.825,0.573,0.77,0.859,0.843,0.743,0.828,1.14,0.742,0.546,0.711,0.721,0.409,0.655,0.873,0.875,0.638,0.683,0.763,0.778,0.907,0.702,0.486,0.723,0.747,0.856,0.738,0.59,0.663,0.599,0.745,0.942,0.683,0.74,0.733,0.914,0.603,0.745,0.641,0.739,0.822,0.744,0.613,0.744,0.709,0.659,0.864,0.836,0.875,0.775,0.608,0.688,0.806,0.745,0.732,0.761,1.105,0.624,0.877,0.745,0.648,0.757,0.881,0.717,0.704
8/8/1980,0.7452,0.73,0.713,0.631,0.823,0.62,0.764,0.851,0.514,0.785,0.845,0.802,0.79,0,0.853,1.056,0.691,0.638,0.744,0.761,0.341,0.689,0.818,0.877,0.709,0.564,0.749,0.762,0.752,0.724,0.57,0.702,0.703,0.666,0.782,0.703,0.803,0.561,0.754,0.847,0.822,0.73,0.808,1.133,0.726,0.534,0.701,0.708,0.379,0.643,0.859,0.863,0.627,0.665,0.748,0.76,0.884,0.685,0.474,0.71,0.735,0.837,0.728,0.579,0.65,0.587,0.732,0.936,0.671,0.727,0.716,0.893,0.587,0.736,0.629,0.722,0.812,0.732,0.6,0.725,0.693,0.645,0.846,0.823,0.858,0.767,0.598,0.676,0.79,0.731,0.716,0.746,1.071,0.613,0.851,0.734,0.638,0.741,0.863,0.7,0.693
8/9/1980,0.7586,0.714,0.695,0.616,0.809,0.609,0.748,0.83,0.501,0.766,0.823,0.8,0.772,0,0.832,1.031,0.674,0.622,0.726,0.741,0.343,0.674,0.802,0.863,0.695,0.55,0.73,0.745,0.736,0.707,0.595,0.686,0.687,0.651,0.772,0.687,0.784,0.547,0.736,0.83,0.801,0.714,0.789,1.115,0.709,0.52,0.685,0.693,0.36,0.627,0.841,0.847,0.616,0.65,0.729,0.74,0.862,0.667,0.463,0.694,0.715,0.816,0.71,0.565,0.632,0.574,0.717,0.921,0.655,0.708,0.699,0.873,0.571,0.72,0.616,0.704,0.798,0.717,0.585,0.707,0.678,0.631,0.826,0.804,0.843,0.752,0.586,0.662,0.769,0.718,0.698,0.73,1.037,0.599,0.833,0.715,0.623,0.721,0.842,0.683,0.678
8/10/1980,0.7273,0.699,0.676,0.602,0.789,0.597,0.732,0.811,0.489,0.748,0.801,0.783,0.754,0,0.811,1.008,0.658,0.608,0.708,0.722,0.345,0.66,0.786,0.846,0.681,0.538,0.711,0.728,0.717,0.691,0.579,0.671,0.67,0.636,0.762,0.669,0.764,0.534,0.719,0.811,0.779,0.698,0.77,1.099,0.692,0.507,0.668,0.679,0.345,0.612,0.818,0.831,0.604,0.629,0.711,0.721,0.838,0.651,0.453,0.68,0.692,0.795,0.69,0.552,0.616,0.562,0.702,0.91,0.639,0.692,0.684,0.855,0.558,0.702,0.603,0.687,0.788,0.703,0.572,0.69,0.663,0.616,0.808,0.785,0.825,0.737,0.574,0.647,0.749,0.705,0.681,0.713,0.994,0.585,0.814,0.697,0.609,0.703,0.821,0.667,0.664
8/11/1980,0.7072,0.686,0.66,0.591,0.766,0.586,0.718,0.795,0.48,0.73,0.78,0.763,0.738,0,0.791,0.988,0.644,0.596,0.694,0.705,0.33,0.648,0.771,0.83,0.67,0.527,0.694,0.713,0.703,0.678,0.557,0.657,0.655,0.623,0.751,0.655,0.746,0.524,0.704,0.794,0.76,0.684,0.752,1.088,0.677,0.497,0.655,0.666,0.323,0.598,0.797,0.818,0.593,0.606,0.697,0.704,0.817,0.637,0.444,0.668,0.673,0.776,0.676,0.542,0.603,0.552,0.689,0.902,0.626,0.68,0.671,0.838,0.545,0.687,0.592,0.671,0.778,0.691,0.56,0.676,0.65,0.604,0.792,0.769,0.808,0.724,0.564,0.635,0.733,0.692,0.667,0.698,0.951,0.572,0.792,0.684,0.597,0.688,0.803,0.652,0.652
8/12/1980,0.687,0.669,0.643,0.577,0.735,0.569,0.7,0.781,0.467,0.707,0.75,0.737,0.719,0,0.765,0.963,0.626,0.581,0.678,0.683,0.302,0.632,0.755,0.805,0.657,0.513,0.672,0.693,0.685,0.663,0.511,0.639,0.637,0.608,0.739,0.639,0.72,0.511,0.685,0.775,0.735,0.667,0.728,1.075,0.658,0.484,0.639,0.65,0.3,0.582,0.767,0.802,0.578,0.578,0.679,0.682,0.788,0.62,0.433,0.653,0.651,0.754,0.658,0.53,0.587,0.537,0.672,0.895,0.609,0.666,0.653,0.817,0.527,0.669,0.576,0.652,0.767,0.676,0.544,0.658,0.632,0.587,0.773,0.75,0.787,0.709,0.551,0.622,0.714,0.678,0.649,0.679,0.896,0.554,0.764,0.668,0.583,0.67,0.779,0.633,0.637
8/13/1980,0.6646,0.653,0.626,0.563,0.711,0.556,0.684,0.762,0.454,0.687,0.725,0.72,0.701,0,0.742,0.938,0.609,0.565,0.661,0.662,0.289,0.616,0.738,0.785,0.643,0.499,0.652,0.674,0.668,0.647,0.504,0.622,0.62,0.592,0.729,0.623,0.699,0.497,0.666,0.757,0.713,0.65,0.707,1.057,0.639,0.471,0.622,0.635,0.275,0.566,0.743,0.786,0.565,0.555,0.661,0.661,0.763,0.602,0.422,0.638,0.631,0.733,0.64,0.517,0.57,0.524,0.656,0.884,0.593,0.65,0.636,0.796,0.512,0.651,0.561,0.633,0.754,0.661,0.529,0.64,0.616,0.571,0.754,0.731,0.768,0.694,0.538,0.608,0.694,0.663,0.631,0.66,0.844,0.537,0.74,0.651,0.568,0.652,0.757,0.615,0.623
8/14/1980,0.6535,0.642,0.614,0.552,0.695,0.548,0.672,0.746,0.446,0.674,0.71,0.708,0.689,0,0.727,0.919,0.598,0.554,0.648,0.648,0.287,0.606,0.726,0.774,0.633,0.489,0.639,0.662,0.656,0.635,0.517,0.61,0.609,0.582,0.721,0.612,0.685,0.488,0.653,0.744,0.698,0.638,0.692,1.045,0.627,0.461,0.611,0.625,0.253,0.554,0.728,0.774,0.556,0.536,0.649,0.648,0.746,0.59,0.415,0.628,0.617,0.717,0.628,0.509,0.558,0.516,0.645,0.875,0.583,0.637,0.625,0.782,0.501,0.639,0.552,0.62,0.745,0.651,0.52,0.628,0.606,0.56,0.739,0.717,0.755,0.683,0.529,0.598,0.679,0.653,0.619,0.647,0.809,0.527,0.722,0.639,0.558,0.638,0.742,0.604,0.612
8/15/1980,0.6937,0.684,0.682,0.587,0.733,0.588,0.71,0.741,0.464,0.699,0.766,0.767,0.75,0,0.755,0.942,0.627,0.578,0.679,0.686,0.225,0.648,0.76,0.84,0.667,0.511,0.674,0.695,0.737,0.67,1.018,0.645,0.647,0.623,0.7,0.671,0.733,0.506,0.683,0.816,0.757,0.672,0.725,1.06,0.664,0.479,0.658,0.657,0.125,0.582,0.828,0.804,0.588,0.502,0.691,0.697,0.802,0.605,0.432,0.65,0.714,0.755,0.714,0.536,0.584,0.537,0.686,0.869,0.626,0.65,0.649,0.794,0.517,0.679,0.588,0.648,0.75,0.696,0.546,0.639,0.64,0.592,0.754,0.759,0.785,0.726,0.555,0.623,0.698,0.659,0.638,0.673,0.967,0.579,0.7,0.679,0.593,0.655,0.791,0.63,0.638
8/16/1980,0.7206,0.701,0.734,0.599,0.777,0.592,0.724,0.743,0.469,0.707,0.797,0.791,0.785,0,0.77,0.944,0.628,0.583,0.689,0.707,0.257,0.656,0.792,0.85,0.68,0.517,0.688,0.705,0.78,0.697,1.318,0.655,0.686,0.644,0.698,0.702,0.752,0.508,0.691,0.872,0.782,0.697,0.739,1.045,0.678,0.48,0.671,0.675,0.115,0.592,0.861,0.816,0.599,0.495,0.717,0.722,0.836,0.605,0.436,0.654,0.785,0.77,0.762,0.543,0.594,0.533,0.706,0.839,0.645,0.653,0.653,0.791,0.522,0.709,0.593,0.66,0.752,0.706,0.549,0.638,0.657,0.6,0.755,0.775,0.837,0.739,0.564,0.629,0.713,0.68,0.645,0.677,1.147,0.593,0.745,0.694,0.601,0.657,0.815,0.637,0.645
8/17/1980,0.7027,0.659,0.676,0.561,0.764,0.548,0.686,0.715,0.443,0.674,0.748,0.745,0.728,0,0.734,0.89,0.592,0.547,0.648,0.665,0.326,0.608,0.753,0.789,0.641,0.489,0.648,0.665,0.713,0.658,0.964,0.614,0.653,0.604,0.716,0.646,0.706,0.479,0.651,0.812,0.725,0.662,0.699,1,0.638,0.451,0.619,0.643,0.244,0.556,0.769,0.779,0.563,0.502,0.675,0.673,0.78,0.574,0.414,0.625,0.713,0.725,0.687,0.512,0.559,0.504,0.669,0.811,0.599,0.621,0.619,0.761,0.498,0.673,0.551,0.623,0.736,0.659,0.515,0.611,0.623,0.564,0.721,0.723,0.818,0.692,0.524,0.592,0.679,0.678,0.615,0.636,1.106,0.541,0.792,0.647,0.563,0.621,0.765,0.604,0.613
8/18/1980,0.6535,0.641,0.641,0.547,0.742,0.54,0.67,0.706,0.435,0.659,0.723,0.726,0.703,0,0.717,0.879,0.583,0.536,0.635,0.646,0.296,0.594,0.732,0.778,0.632,0.479,0.631,0.652,0.684,0.639,0.821,0.6,0.625,0.584,0.71,0.623,0.684,0.469,0.635,0.782,0.702,0.645,0.683,0.991,0.621,0.443,0.602,0.626,0.238,0.541,0.746,0.767,0.549,0.496,0.656,0.652,0.755,0.564,0.405,0.614,0.669,0.71,0.659,0.501,0.548,0.5,0.652,0.813,0.584,0.614,0.609,0.75,0.488,0.65,0.54,0.608,0.731,0.646,0.506,0.604,0.608,0.551,0.71,0.703,0.788,0.675,0.513,0.584,0.668,0.661,0.605,0.623,1.021,0.529,0.766,0.634,0.548,0.611,0.744,0.59,0.6
8/19/1980,0.6512,0.64,0.64,0.544,0.736,0.545,0.668,0.689,0.433,0.658,0.726,0.726,0.704,0,0.713,0.873,0.585,0.534,0.632,0.64,0.283,0.596,0.725,0.788,0.631,0.476,0.629,0.651,0.687,0.633,0.956,0.6,0.619,0.581,0.696,0.622,0.686,0.465,0.631,0.784,0.703,0.638,0.681,0.983,0.618,0.441,0.601,0.624,0.172,0.534,0.755,0.764,0.549,0.471,0.654,0.65,0.756,0.558,0.406,0.612,0.67,0.707,0.662,0.501,0.544,0.502,0.652,0.804,0.584,0.607,0.608,0.745,0.485,0.638,0.542,0.603,0.724,0.649,0.506,0.6,0.607,0.55,0.702,0.699,0.778,0.673,0.512,0.586,0.659,0.65,0.6,0.619,0.995,0.532,0.734,0.629,0.544,0.604,0.741,0.588,0.596
8/20/1980,0.7184,0.623,0.62,0.528,0.718,0.528,0.652,0.67,0.422,0.639,0.702,0.695,0.683,0,0.692,0.846,0.568,0.519,0.614,0.619,0.301,0.578,0.706,0.764,0.615,0.462,0.609,0.632,0.665,0.616,0.874,0.581,0.606,0.565,0.693,0.602,0.665,0.451,0.612,0.761,0.678,0.619,0.659,0.969,0.6,0.428,0.581,0.61,0.185,0.517,0.72,0.748,0.533,0.45,0.637,0.628,0.728,0.541,0.397,0.598,0.646,0.685,0.639,0.49,0.527,0.488,0.637,0.793,0.566,0.592,0.593,0.728,0.472,0.62,0.525,0.584,0.713,0.633,0.49,0.585,0.592,0.534,0.685,0.678,0.765,0.656,0.497,0.569,0.638,0.642,0.583,0.599,0.965,0.513,0.73,0.611,0.53,0.587,0.719,0.571,0.582
8/21/1980,0.6624,0.608,0.596,0.513,0.699,0.516,0.637,0.655,0.413,0.624,0.68,0.669,0.663,0,0.674,0.827,0.556,0.506,0.599,0.599,0.302,0.564,0.687,0.746,0.601,0.451,0.592,0.617,0.642,0.599,0.784,0.565,0.588,0.55,0.688,0.582,0.646,0.44,0.596,0.736,0.657,0.602,0.641,0.956,0.583,0.419,0.564,0.595,0.186,0.502,0.693,0.734,0.519,0.435,0.62,0.608,0.704,0.529,0.389,0.586,0.617,0.667,0.614,0.48,0.512,0.479,0.621,0.788,0.551,0.579,0.581,0.715,0.461,0.601,0.512,0.569,0.703,0.619,0.478,0.573,0.577,0.52,0.671,0.659,0.744,0.64,0.484,0.555,0.619,0.631,0.568,0.583,0.912,0.497,0.717,0.595,0.517,0.573,0.698,0.556,0.569
8/22/1980,0.6154,0.599,0.582,0.508,0.679,0.51,0.628,0.651,0.409,0.613,0.663,0.654,0.651,0,0.661,0.82,0.551,0.501,0.593,0.588,0.277,0.558,0.676,0.736,0.597,0.445,0.581,0.609,0.628,0.589,0.717,0.556,0.575,0.54,0.682,0.571,0.633,0.435,0.588,0.721,0.644,0.592,0.63,0.954,0.573,0.415,0.556,0.587,0.171,0.494,0.678,0.727,0.511,0.424,0.611,0.596,0.687,0.523,0.385,0.581,0.598,0.657,0.602,0.476,0.506,0.474,0.611,0.791,0.543,0.576,0.575,0.708,0.454,0.59,0.506,0.56,0.698,0.614,0.471,0.568,0.568,0.513,0.665,0.649,0.727,0.632,0.479,0.551,0.611,0.621,0.561,0.575,0.865,0.489,0.696,0.589,0.51,0.568,0.686,0.547,0.563
8/23/1980,0.602,0.597,0.581,0.508,0.667,0.509,0.626,0.649,0.407,0.609,0.656,0.652,0.649,0,0.656,0.817,0.55,0.5,0.592,0.583,0.248,0.558,0.673,0.733,0.597,0.443,0.577,0.606,0.628,0.587,0.728,0.553,0.57,0.538,0.675,0.57,0.628,0.434,0.585,0.718,0.64,0.589,0.625,0.954,0.569,0.414,0.556,0.584,0.143,0.492,0.677,0.726,0.509,0.412,0.609,0.592,0.681,0.52,0.383,0.58,0.597,0.655,0.602,0.476,0.504,0.473,0.608,0.793,0.543,0.575,0.573,0.704,0.45,0.586,0.505,0.556,0.694,0.614,0.469,0.564,0.564,0.511,0.662,0.647,0.717,0.632,0.478,0.551,0.608,0.616,0.558,0.571,0.839,0.488,0.676,0.589,0.509,0.566,0.682,0.544,0.562
8/24/1980,0.5886,0.587,0.569,0.499,0.654,0.498,0.616,0.646,0.4,0.598,0.639,0.639,0.636,0,0.644,0.805,0.539,0.491,0.583,0.571,0.251,0.547,0.664,0.714,0.589,0.435,0.566,0.595,0.614,0.578,0.653,0.542,0.562,0.529,0.674,0.559,0.614,0.428,0.575,0.705,0.624,0.579,0.612,0.948,0.558,0.407,0.544,0.574,0.155,0.483,0.654,0.716,0.499,0.411,0.597,0.578,0.664,0.511,0.377,0.572,0.581,0.643,0.587,0.469,0.494,0.464,0.597,0.791,0.532,0.569,0.563,0.695,0.442,0.577,0.494,0.547,0.689,0.602,0.46,0.557,0.553,0.5,0.654,0.636,0.708,0.623,0.469,0.542,0.599,0.611,0.549,0.562,0.802,0.474,0.673,0.579,0.5,0.557,0.668,0.534,0.554
8/25/1980,0.5707,0.588,0.571,0.501,0.647,0.501,0.617,0.643,0.4,0.598,0.64,0.642,0.638,0,0.642,0.804,0.541,0.492,0.584,0.57,0.231,0.55,0.662,0.718,0.591,0.435,0.565,0.596,0.617,0.577,0.713,0.543,0.559,0.529,0.667,0.561,0.615,0.428,0.575,0.706,0.626,0.578,0.611,0.948,0.558,0.407,0.546,0.574,0.117,0.482,0.661,0.716,0.5,0.397,0.598,0.579,0.664,0.51,0.377,0.572,0.583,0.644,0.592,0.471,0.494,0.465,0.597,0.792,0.534,0.568,0.563,0.694,0.441,0.574,0.496,0.545,0.687,0.605,0.461,0.556,0.554,0.501,0.652,0.637,0.703,0.624,0.47,0.545,0.598,0.605,0.548,0.561,0.78,0.477,0.651,0.58,0.501,0.556,0.668,0.534,0.555
8/26/1980,0.6378,0.657,0.699,0.559,0.726,0.565,0.682,0.672,0.436,0.648,0.736,0.736,0.748,0,0.702,0.868,0.585,0.537,0.643,0.645,0.192,0.619,0.75,0.82,0.655,0.475,0.631,0.659,0.754,0.658,1.572,0.604,0.636,0.598,0.638,0.666,0.693,0.466,0.63,0.85,0.732,0.649,0.679,0.974,0.625,0.443,0.623,0.629,0,0.538,0.826,0.776,0.557,0.385,0.678,0.669,0.771,0.55,0.409,0.611,0.754,0.716,0.746,0.517,0.544,0.496,0.663,0.783,0.615,0.611,0.61,0.724,0.478,0.649,0.556,0.601,0.705,0.676,0.506,0.584,0.615,0.551,0.693,0.716,0.796,0.696,0.529,0.595,0.654,0.625,0.592,0.615,1.041,0.565,0.639,0.657,0.555,0.597,0.758,0.579,0.599
8/27/1980,0.6176,0.623,0.67,0.526,0.733,0.513,0.65,0.654,0.41,0.622,0.702,0.698,0.703,0,0.678,0.814,0.552,0.504,0.607,0.612,0.299,0.568,0.724,0.742,0.619,0.449,0.598,0.622,0.701,0.63,1.239,0.566,0.63,0.571,0.674,0.623,0.656,0.438,0.596,0.809,0.68,0.626,0.644,0.929,0.591,0.414,0.573,0.61,0.1,0.505,0.722,0.743,0.526,0.397,0.648,0.629,0.728,0.519,0.389,0.588,0.714,0.68,0.682,0.489,0.516,0.466,0.637,0.747,0.574,0.582,0.577,0.699,0.456,0.631,0.508,0.571,0.699,0.627,0.473,0.563,0.589,0.519,0.662,0.671,0.808,0.655,0.49,0.563,0.632,0.647,0.57,0.574,1.068,0.504,0.731,0.613,0.522,0.566,0.717,0.554,0.576
8/28/1980,0.6266,0.608,0.636,0.512,0.74,0.509,0.638,0.644,0.403,0.618,0.691,0.696,0.682,0,0.671,0.806,0.548,0.495,0.596,0.599,0.315,0.555,0.707,0.741,0.61,0.442,0.588,0.615,0.673,0.613,1.11,0.558,0.608,0.555,0.679,0.6,0.644,0.431,0.584,0.784,0.665,0.612,0.637,0.918,0.58,0.408,0.556,0.598,0.129,0.493,0.707,0.734,0.517,0.415,0.632,0.614,0.715,0.512,0.383,0.58,0.671,0.67,0.654,0.479,0.508,0.465,0.626,0.744,0.561,0.575,0.571,0.694,0.453,0.613,0.499,0.561,0.698,0.615,0.469,0.561,0.579,0.51,0.654,0.654,0.789,0.638,0.478,0.557,0.624,0.638,0.564,0.566,1.019,0.495,0.734,0.598,0.509,0.557,0.702,0.546,0.565
8/29/1980,0.5774,0.592,0.602,0.499,0.72,0.499,0.623,0.635,0.396,0.605,0.666,0.669,0.656,0,0.655,0.794,0.539,0.485,0.583,0.58,0.319,0.541,0.684,0.725,0.598,0.433,0.572,0.601,0.642,0.593,0.917,0.544,0.586,0.538,0.68,0.576,0.626,0.422,0.571,0.749,0.641,0.593,0.621,0.918,0.565,0.401,0.54,0.583,0.152,0.48,0.675,0.721,0.502,0.414,0.613,0.592,0.688,0.504,0.376,0.57,0.627,0.653,0.62,0.469,0.497,0.46,0.61,0.749,0.544,0.566,0.563,0.687,0.445,0.592,0.487,0.548,0.694,0.601,0.46,0.555,0.565,0.498,0.645,0.636,0.761,0.623,0.465,0.546,0.609,0.627,0.553,0.554,0.943,0.48,0.723,0.583,0.497,0.548,0.681,0.534,0.553
8/30/1980,0.546,0.571,0.572,0.48,0.678,0.484,0.603,0.611,0.383,0.583,0.636,0.627,0.63,0,0.628,0.766,0.524,0.468,0.564,0.551,0.306,0.523,0.655,0.701,0.581,0.416,0.548,0.58,0.614,0.567,0.869,0.522,0.559,0.517,0.666,0.551,0.601,0.408,0.547,0.716,0.612,0.566,0.593,0.899,0.542,0.387,0.517,0.563,0.103,0.458,0.64,0.701,0.484,0.367,0.59,0.564,0.653,0.484,0.367,0.555,0.591,0.628,0.592,0.458,0.476,0.448,0.59,0.741,0.524,0.548,0.546,0.667,0.429,0.562,0.47,0.525,0.678,0.585,0.445,0.538,0.544,0.479,0.624,0.61,0.727,0.602,0.449,0.531,0.582,0.604,0.532,0.531,0.83,0.459,0.676,0.561,0.479,0.528,0.652,0.514,0.536
8/31/1980,0.5886,0.595,0.619,0.501,0.684,0.506,0.626,0.611,0.398,0.603,0.678,0.633,0.672,0,0.65,0.785,0.543,0.486,0.585,0.574,0.294,0.552,0.68,0.74,0.601,0.431,0.573,0.605,0.665,0.591,1.317,0.546,0.582,0.537,0.638,0.587,0.635,0.421,0.565,0.768,0.653,0.586,0.617,0.902,0.565,0.402,0.544,0.584,0,0.474,0.699,0.72,0.506,0.312,0.618,0.599,0.694,0.496,0.382,0.571,0.656,0.655,0.652,0.48,0.494,0.463,0.616,0.727,0.552,0.562,0.566,0.678,0.443,0.572,0.496,0.541,0.681,0.615,0.462,0.546,0.568,0.5,0.634,0.634,0.758,0.625,0.471,0.557,0.597,0.599,0.544,0.547,0.887,0.491,0.629,0.584,0.493,0.539,0.683,0.532,0.552
9/1/1980,0.6467,0.583,0.612,0.486,0.701,0.487,0.615,0.599,0.388,0.591,0.663,0.621,0.657,0,0.638,0.761,0.529,0.472,0.57,0.561,0.372,0.534,0.671,0.716,0.586,0.421,0.559,0.588,0.648,0.582,1.182,0.53,0.586,0.53,0.658,0.572,0.62,0.409,0.552,0.754,0.632,0.577,0.602,0.894,0.552,0.39,0.526,0.576,0.048,0.462,0.663,0.708,0.492,0.33,0.607,0.583,0.675,0.482,0.374,0.561,0.645,0.638,0.629,0.468,0.48,0.449,0.606,0.716,0.537,0.548,0.553,0.667,0.434,0.571,0.478,0.53,0.679,0.598,0.448,0.536,0.558,0.487,0.622,0.618,0.769,0.611,0.455,0.538,0.582,0.612,0.532,0.532,0.928,0.47,0.683,0.568,0.485,0.526,0.667,0.52,0.542
9/2/1980,0.5975,0.57,0.581,0.476,0.699,0.48,0.602,0.594,0.381,0.579,0.638,0.617,0.634,0,0.624,0.75,0.521,0.463,0.559,0.546,0.369,0.522,0.654,0.707,0.578,0.413,0.545,0.576,0.62,0.567,0.985,0.516,0.566,0.515,0.664,0.55,0.601,0.401,0.54,0.724,0.611,0.564,0.589,0.893,0.538,0.383,0.511,0.563,0.095,0.451,0.643,0.7,0.479,0.351,0.592,0.564,0.65,0.476,0.366,0.552,0.606,0.623,0.599,0.458,0.47,0.444,0.591,0.723,0.525,0.541,0.544,0.66,0.425,0.561,0.467,0.519,0.674,0.586,0.439,0.531,0.544,0.476,0.615,0.602,0.746,0.597,0.443,0.525,0.571,0.607,0.523,0.523,0.891,0.459,0.691,0.558,0.476,0.52,0.649,0.509,0.532
9/3/1980,0.5707,0.578,0.592,0.486,0.698,0.493,0.61,0.597,0.388,0.586,0.648,0.635,0.646,0,0.63,0.763,0.532,0.472,0.57,0.553,0.329,0.535,0.66,0.73,0.591,0.419,0.553,0.587,0.635,0.573,1.122,0.526,0.567,0.519,0.651,0.561,0.61,0.407,0.547,0.738,0.624,0.57,0.598,0.901,0.545,0.391,0.522,0.569,0.026,0.458,0.675,0.71,0.486,0.339,0.602,0.574,0.661,0.482,0.372,0.56,0.621,0.635,0.618,0.467,0.479,0.453,0.598,0.727,0.537,0.55,0.552,0.666,0.43,0.563,0.479,0.524,0.676,0.6,0.447,0.536,0.552,0.484,0.621,0.612,0.746,0.607,0.453,0.537,0.578,0.602,0.53,0.531,0.887,0.476,0.657,0.572,0.482,0.528,0.66,0.515,0.539
9/4/1980,0.5572,0.563,0.572,0.471,0.693,0.476,0.596,0.59,0.377,0.573,0.625,0.621,0.624,0,0.616,0.744,0.517,0.458,0.554,0.537,0.365,0.516,0.645,0.702,0.574,0.408,0.537,0.57,0.611,0.559,0.951,0.509,0.558,0.509,0.662,0.542,0.592,0.398,0.534,0.714,0.6,0.555,0.58,0.892,0.53,0.38,0.504,0.556,0.087,0.445,0.635,0.695,0.472,0.352,0.584,0.553,0.638,0.47,0.362,0.548,0.594,0.616,0.588,0.455,0.465,0.44,0.583,0.725,0.519,0.537,0.539,0.655,0.42,0.554,0.461,0.512,0.671,0.581,0.434,0.527,0.537,0.47,0.61,0.595,0.733,0.593,0.438,0.521,0.563,0.601,0.517,0.517,0.853,0.453,0.679,0.552,0.472,0.515,0.64,0.502,0.528
9/5/1980,0.5348,0.556,0.552,0.467,0.674,0.473,0.588,0.59,0.374,0.566,0.611,0.609,0.611,0,0.607,0.742,0.515,0.455,0.551,0.527,0.337,0.512,0.634,0.695,0.571,0.404,0.529,0.565,0.594,0.549,0.856,0.503,0.542,0.499,0.657,0.53,0.581,0.395,0.528,0.694,0.589,0.546,0.572,0.894,0.522,0.378,0.498,0.548,0.076,0.44,0.623,0.69,0.466,0.348,0.575,0.543,0.623,0.468,0.359,0.545,0.568,0.609,0.573,0.451,0.461,0.439,0.574,0.734,0.512,0.536,0.535,0.651,0.416,0.541,0.457,0.506,0.667,0.576,0.431,0.525,0.529,0.464,0.607,0.588,0.71,0.586,0.434,0.519,0.558,0.591,0.513,0.513,0.79,0.448,0.656,0.548,0.466,0.513,0.629,0.496,0.524
9/6/1980,0.5192,0.55,0.542,0.465,0.652,0.468,0.582,0.595,0.372,0.561,0.598,0.6,0.603,0,0.6,0.742,0.511,0.454,0.549,0.521,0.306,0.508,0.627,0.682,0.569,0.402,0.522,0.56,0.583,0.543,0.768,0.498,0.532,0.493,0.653,0.523,0.572,0.395,0.525,0.681,0.58,0.54,0.566,0.897,0.517,0.377,0.494,0.542,0.069,0.438,0.609,0.686,0.461,0.346,0.568,0.534,0.612,0.467,0.357,0.542,0.552,0.605,0.562,0.449,0.458,0.436,0.566,0.742,0.507,0.538,0.532,0.649,0.412,0.532,0.454,0.502,0.664,0.571,0.428,0.524,0.522,0.46,0.607,0.584,0.693,0.583,0.432,0.519,0.556,0.585,0.511,0.51,0.736,0.442,0.637,0.545,0.461,0.513,0.622,0.491,0.521
9/7/1980,0.5102,0.543,0.533,0.461,0.632,0.462,0.576,0.597,0.368,0.555,0.585,0.59,0.594,0,0.592,0.738,0.506,0.45,0.545,0.513,0.292,0.503,0.621,0.668,0.564,0.397,0.515,0.554,0.573,0.537,0.717,0.492,0.524,0.487,0.65,0.516,0.562,0.393,0.52,0.67,0.57,0.533,0.558,0.897,0.51,0.374,0.488,0.536,0.055,0.434,0.594,0.68,0.456,0.341,0.56,0.525,0.601,0.464,0.354,0.537,0.538,0.598,0.552,0.446,0.454,0.432,0.559,0.747,0.5,0.536,0.527,0.645,0.408,0.523,0.448,0.497,0.661,0.565,0.424,0.521,0.514,0.454,0.603,0.578,0.68,0.578,0.428,0.516,0.552,0.578,0.506,0.505,0.676,0.433,0.618,0.539,0.456,0.509,0.613,0.486,0.518
9/8/1980,0.5102,0.542,0.532,0.462,0.62,0.463,0.575,0.596,0.367,0.554,0.583,0.588,0.593,0,0.591,0.737,0.506,0.45,0.545,0.511,0.285,0.504,0.618,0.666,0.564,0.396,0.514,0.553,0.572,0.535,0.739,0.492,0.521,0.487,0.645,0.516,0.561,0.394,0.519,0.668,0.569,0.53,0.557,0.9,0.51,0.374,0.488,0.534,0.029,0.433,0.593,0.678,0.457,0.332,0.558,0.524,0.599,0.463,0.354,0.537,0.535,0.597,0.551,0.446,0.453,0.433,0.557,0.751,0.499,0.536,0.526,0.645,0.407,0.519,0.449,0.495,0.659,0.565,0.425,0.521,0.513,0.453,0.602,0.578,0.674,0.578,0.429,0.517,0.551,0.572,0.505,0.505,0.64,0.433,0.599,0.538,0.456,0.509,0.611,0.485,0.518
9/9/1980,0.5416,0.541,0.531,0.463,0.609,0.461,0.573,0.6,0.367,0.552,0.58,0.583,0.592,0,0.589,0.738,0.505,0.45,0.545,0.51,0.279,0.504,0.617,0.659,0.563,0.396,0.513,0.552,0.57,0.534,0.714,0.491,0.52,0.486,0.644,0.515,0.559,0.395,0.52,0.665,0.567,0.529,0.555,0.905,0.509,0.375,0.487,0.534,0.025,0.435,0.586,0.677,0.456,0.329,0.557,0.522,0.596,0.464,0.353,0.536,0.532,0.596,0.55,0.446,0.453,0.432,0.556,0.754,0.498,0.537,0.526,0.644,0.406,0.516,0.448,0.495,0.658,0.563,0.425,0.522,0.512,0.452,0.602,0.578,0.67,0.579,0.429,0.518,0.552,0.571,0.505,0.505,0.622,0.431,0.591,0.538,0.456,0.509,0.609,0.484,0.518
9/10/1980,0.5259,0.551,0.549,0.475,0.604,0.471,0.582,0.602,0.372,0.558,0.592,0.593,0.606,0,0.595,0.744,0.512,0.457,0.554,0.519,0.255,0.516,0.625,0.671,0.574,0.403,0.521,0.56,0.59,0.542,0.851,0.499,0.527,0.495,0.636,0.53,0.57,0.401,0.527,0.682,0.58,0.537,0.562,0.912,0.519,0.38,0.5,0.541,0,0.443,0.611,0.683,0.464,0.308,0.567,0.534,0.608,0.468,0.358,0.542,0.557,0.607,0.572,0.454,0.46,0.437,0.564,0.754,0.509,0.543,0.532,0.647,0.411,0.523,0.458,0.501,0.658,0.575,0.432,0.525,0.52,0.46,0.607,0.588,0.676,0.59,0.438,0.527,0.559,0.569,0.51,0.511,0.64,0.444,0.568,0.55,0.463,0.515,0.621,0.491,0.525
9/11/1980,0.6176,0.608,0.666,0.522,0.676,0.525,0.638,0.62,0.404,0.603,0.682,0.666,0.703,0,0.649,0.795,0.547,0.494,0.601,0.583,0.289,0.574,0.701,0.761,0.626,0.438,0.578,0.615,0.71,0.612,1.716,0.55,0.597,0.554,0.607,0.62,0.641,0.433,0.572,0.813,0.671,0.597,0.62,0.924,0.578,0.409,0.562,0.587,0,0.489,0.758,0.733,0.514,0.279,0.636,0.613,0.705,0.5,0.387,0.575,0.716,0.669,0.708,0.494,0.502,0.462,0.623,0.729,0.578,0.574,0.573,0.671,0.446,0.588,0.509,0.549,0.672,0.634,0.47,0.546,0.575,0.504,0.64,0.654,0.778,0.65,0.491,0.569,0.603,0.585,0.546,0.557,0.893,0.52,0.56,0.612,0.506,0.546,0.699,0.531,0.561
9/12/1980,0.687,0.593,0.658,0.503,0.724,0.492,0.623,0.617,0.39,0.596,0.673,0.666,0.682,0,0.646,0.765,0.531,0.476,0.583,0.572,0.415,0.541,0.697,0.718,0.607,0.425,0.566,0.596,0.682,0.604,1.463,0.533,0.61,0.545,0.653,0.598,0.626,0.418,0.557,0.797,0.645,0.595,0.608,0.901,0.563,0.393,0.532,0.586,0,0.473,0.694,0.72,0.499,0.33,0.626,0.596,0.689,0.485,0.376,0.566,0.701,0.653,0.67,0.477,0.49,0.447,0.616,0.704,0.557,0.56,0.555,0.665,0.436,0.593,0.479,0.537,0.681,0.604,0.452,0.54,0.567,0.488,0.626,0.631,0.808,0.626,0.466,0.55,0.599,0.621,0.539,0.537,0.979,0.482,0.677,0.589,0.491,0.531,0.681,0.523,0.552
9/13/1980,0.7564,0.628,0.736,0.531,0.811,0.53,0.658,0.64,0.412,0.633,0.744,0.73,0.749,0,0.689,0.81,0.558,0.501,0.616,0.618,0.458,0.576,0.764,0.794,0.648,0.449,0.607,0.64,0.76,0.66,2.089,0.572,0.657,0.576,0.634,0.656,0.673,0.439,0.585,0.898,0.717,0.643,0.659,0.89,0.605,0.415,0.567,0.62,0,0.502,0.812,0.76,0.534,0.35,0.68,0.656,0.767,0.511,0.396,0.587,0.805,0.7,0.769,0.502,0.522,0.467,0.655,0.673,0.61,0.591,0.584,0.686,0.466,0.638,0.511,0.571,0.694,0.639,0.482,0.561,0.608,0.513,0.649,0.675,0.897,0.656,0.505,0.584,0.643,0.635,0.57,0.57,1.169,0.539,0.695,0.636,0.509,0.553,0.734,0.549,0.573
9/14/1980,0.7251,0.613,0.714,0.515,0.846,0.508,0.645,0.641,0.401,0.626,0.724,0.742,0.722,0,0.683,0.79,0.549,0.488,0.602,0.606,0.521,0.549,0.752,0.766,0.636,0.438,0.594,0.623,0.73,0.648,1.695,0.556,0.656,0.566,0.679,0.632,0.654,0.426,0.574,0.867,0.689,0.638,0.647,0.892,0.59,0.404,0.545,0.614,0.046,0.488,0.759,0.75,0.518,0.413,0.665,0.636,0.742,0.502,0.384,0.58,0.771,0.687,0.725,0.487,0.512,0.458,0.644,0.678,0.59,0.583,0.571,0.684,0.458,0.64,0.487,0.561,0.709,0.616,0.467,0.56,0.596,0.5,0.641,0.655,0.9,0.64,0.482,0.567,0.64,0.661,0.567,0.556,1.192,0.51,0.78,0.619,0.501,0.547,0.717,0.541,0.565
9/15/1980,0.6266,0.59,0.653,0.496,0.837,0.498,0.625,0.631,0.389,0.614,0.69,0.726,0.681,0,0.665,0.777,0.54,0.475,0.585,0.581,0.507,0.527,0.714,0.751,0.62,0.426,0.574,0.606,0.679,0.614,1.335,0.539,0.616,0.542,0.693,0.593,0.629,0.415,0.556,0.809,0.655,0.61,0.627,0.892,0.568,0.394,0.522,0.592,0.109,0.47,0.716,0.732,0.497,0.44,0.634,0.604,0.706,0.492,0.373,0.567,0.693,0.666,0.667,0.471,0.498,0.454,0.622,0.694,0.564,0.573,0.561,0.676,0.448,0.612,0.469,0.545,0.707,0.595,0.456,0.556,0.575,0.485,0.631,0.629,0.844,0.618,0.46,0.557,0.623,0.647,0.556,0.541,1.081,0.487,0.777,0.594,0.485,0.537,0.688,0.526,0.55
9/16/1980,0.6109,0.588,0.643,0.497,0.828,0.506,0.624,0.629,0.391,0.615,0.688,0.722,0.677,0,0.664,0.784,0.545,0.478,0.587,0.576,0.483,0.531,0.705,0.765,0.624,0.427,0.573,0.608,0.675,0.606,1.368,0.541,0.604,0.537,0.683,0.588,0.629,0.415,0.554,0.801,0.654,0.603,0.627,0.904,0.567,0.397,0.524,0.589,0.055,0.468,0.728,0.734,0.497,0.427,0.631,0.601,0.704,0.493,0.374,0.568,0.68,0.668,0.665,0.473,0.499,0.46,0.62,0.702,0.564,0.576,0.566,0.678,0.45,0.6,0.474,0.543,0.707,0.6,0.46,0.559,0.574,0.485,0.632,0.627,0.826,0.618,0.462,0.565,0.62,0.634,0.555,0.543,1.029,0.495,0.739,0.595,0.482,0.539,0.686,0.525,0.548
9/17/1980,0.5975,0.572,0.607,0.483,0.802,0.492,0.608,0.622,0.383,0.6,0.657,0.693,0.649,0,0.646,0.769,0.534,0.468,0.573,0.556,0.486,0.516,0.679,0.739,0.608,0.417,0.555,0.591,0.64,0.584,1.109,0.524,0.583,0.522,0.691,0.562,0.608,0.407,0.542,0.76,0.625,0.581,0.607,0.909,0.55,0.389,0.507,0.573,0.102,0.457,0.681,0.719,0.481,0.431,0.609,0.576,0.671,0.484,0.366,0.557,0.632,0.648,0.624,0.463,0.485,0.452,0.603,0.715,0.543,0.566,0.556,0.67,0.44,0.58,0.46,0.53,0.701,0.585,0.448,0.551,0.557,0.473,0.624,0.609,0.79,0.604,0.447,0.552,0.601,0.626,0.542,0.53,0.95,0.473,0.735,0.576,0.473,0.53,0.663,0.512,0.538
9/18/1980,0.5572,0.563,0.584,0.477,0.776,0.489,0.599,0.615,0.378,0.591,0.639,0.673,0.633,0,0.633,0.763,0.53,0.463,0.566,0.542,0.467,0.511,0.661,0.732,0.601,0.411,0.544,0.583,0.622,0.568,1.048,0.516,0.564,0.511,0.683,0.547,0.596,0.403,0.533,0.736,0.61,0.567,0.595,0.912,0.539,0.385,0.499,0.562,0.069,0.448,0.668,0.711,0.473,0.413,0.596,0.561,0.652,0.478,0.363,0.551,0.604,0.637,0.605,0.458,0.477,0.45,0.592,0.723,0.534,0.562,0.551,0.664,0.434,0.562,0.456,0.521,0.695,0.58,0.444,0.546,0.546,0.466,0.618,0.598,0.76,0.595,0.442,0.548,0.589,0.611,0.533,0.523,0.862,0.466,0.698,0.567,0.466,0.525,0.649,0.504,0.531
9/19/1980,0.7184,0.597,0.662,0.508,0.819,0.525,0.632,0.623,0.399,0.618,0.694,0.719,0.693,0,0.663,0.793,0.554,0.488,0.597,0.578,0.474,0.552,0.707,0.797,0.637,0.433,0.578,0.618,0.699,0.61,1.659,0.549,0.604,0.541,0.655,0.601,0.639,0.423,0.559,0.82,0.668,0.602,0.632,0.925,0.575,0.404,0.538,0.591,0,0.476,0.775,0.746,0.504,0.388,0.641,0.61,0.709,0.498,0.382,0.572,0.708,0.676,0.694,0.485,0.503,0.467,0.626,0.709,0.58,0.583,0.577,0.679,0.456,0.596,0.492,0.546,0.702,0.62,0.469,0.558,0.581,0.492,0.637,0.639,0.826,0.633,0.478,0.576,0.613,0.617,0.552,0.552,1.019,0.521,0.678,0.61,0.487,0.542,0.694,0.527,0.553
9/20/1980,0.6602,0.577,0.626,0.483,0.82,0.49,0.614,0.612,0.383,0.605,0.668,0.676,0.658,0,0.648,0.763,0.534,0.468,0.574,0.556,0.57,0.52,0.682,0.745,0.605,0.417,0.558,0.593,0.655,0.587,1.276,0.527,0.596,0.53,0.694,0.569,0.618,0.408,0.542,0.773,0.631,0.58,0.607,0.916,0.554,0.388,0.508,0.577,0.076,0.457,0.684,0.72,0.483,0.412,0.614,0.581,0.676,0.481,0.371,0.559,0.657,0.649,0.637,0.468,0.484,0.451,0.61,0.703,0.547,0.563,0.559,0.669,0.441,0.581,0.462,0.53,0.705,0.59,0.448,0.547,0.562,0.476,0.621,0.612,0.807,0.609,0.447,0.553,0.594,0.629,0.537,0.529,0.975,0.473,0.74,0.574,0.478,0.525,0.666,0.515,0.541
9/21/1980,0.6535,0.626,0.741,0.527,0.878,0.535,0.661,0.634,0.418,0.648,0.761,0.675,0.751,0,0.698,0.815,0.567,0.507,0.622,0.614,0.601,0.577,0.759,0.835,0.654,0.453,0.614,0.651,0.769,0.655,2.187,0.579,0.655,0.568,0.645,0.648,0.685,0.44,0.581,0.907,0.728,0.634,0.668,0.914,0.611,0.42,0.561,0.623,0,0.499,0.827,0.77,0.533,0.348,0.681,0.662,0.774,0.516,0.406,0.586,0.813,0.709,0.779,0.51,0.527,0.473,0.66,0.662,0.613,0.603,0.602,0.694,0.482,0.625,0.512,0.572,0.715,0.644,0.49,0.568,0.618,0.513,0.651,0.67,0.923,0.655,0.504,0.604,0.637,0.632,0.57,0.574,1.216,0.551,0.717,0.632,0.497,0.551,0.735,0.549,0.57
9/22/1980,0.64,0.59,0.664,0.488,0.903,0.49,0.629,0.615,0.39,0.621,0.701,0.669,0.685,0,0.666,0.767,0.543,0.473,0.583,0.573,0.726,0.527,0.712,0.773,0.613,0.424,0.574,0.606,0.687,0.612,1.453,0.54,0.63,0.545,0.719,0.589,0.64,0.411,0.55,0.817,0.656,0.603,0.626,0.922,0.569,0.393,0.513,0.596,0.121,0.464,0.705,0.734,0.493,0.434,0.634,0.606,0.705,0.487,0.379,0.566,0.709,0.664,0.672,0.477,0.493,0.455,0.63,0.678,0.564,0.57,0.57,0.679,0.453,0.611,0.466,0.541,0.725,0.598,0.454,0.555,0.582,0.485,0.626,0.624,0.877,0.617,0.454,0.562,0.606,0.655,0.546,0.537,1.133,0.483,0.816,0.585,0.486,0.531,0.685,0.526,0.549
9/23/1980,0.5997,0.576,0.615,0.478,0.892,0.499,0.615,0.606,0.386,0.614,0.677,0.649,0.659,0,0.653,0.768,0.547,0.469,0.576,0.554,0.692,0.52,0.681,0.788,0.611,0.418,0.562,0.601,0.652,0.585,1.257,0.532,0.594,0.526,0.722,0.561,0.623,0.405,0.539,0.775,0.635,0.582,0.616,0.938,0.555,0.392,0.502,0.582,0.11,0.452,0.701,0.729,0.481,0.434,0.617,0.585,0.681,0.484,0.374,0.56,0.648,0.653,0.636,0.47,0.485,0.463,0.614,0.701,0.554,0.568,0.568,0.677,0.448,0.591,0.464,0.532,0.719,0.593,0.451,0.558,0.57,0.477,0.622,0.607,0.822,0.601,0.447,0.561,0.592,0.637,0.538,0.532,1.02,0.484,0.778,0.578,0.48,0.532,0.665,0.516,0.54
9/24/1980,0.5997,0.571,0.605,0.475,0.863,0.499,0.61,0.596,0.386,0.611,0.67,0.598,0.651,0,0.646,0.763,0.549,0.469,0.573,0.544,0.691,0.521,0.664,0.79,0.606,0.416,0.556,0.597,0.646,0.572,1.258,0.529,0.583,0.518,0.712,0.553,0.62,0.403,0.533,0.761,0.628,0.569,0.609,0.948,0.549,0.392,0.5,0.577,0.052,0.447,0.693,0.723,0.477,0.384,0.61,0.578,0.67,0.48,0.376,0.558,0.638,0.647,0.629,0.471,0.481,0.466,0.609,0.704,0.548,0.565,0.569,0.675,0.447,0.574,0.466,0.525,0.716,0.594,0.451,0.555,0.566,0.475,0.618,0.6,0.798,0.597,0.444,0.564,0.579,0.622,0.53,0.528,0.95,0.484,0.734,0.571,0.475,0.529,0.657,0.512,0.535
9/25/1980,0.5751,0.552,0.575,0.457,0.853,0.485,0.593,0.579,0.373,0.589,0.635,0.584,0.624,0,0.62,0.737,0.533,0.452,0.554,0.519,0.743,0.502,0.641,0.774,0.588,0.401,0.533,0.577,0.616,0.551,1.152,0.507,0.562,0.501,0.717,0.528,0.594,0.389,0.513,0.727,0.598,0.548,0.583,0.948,0.527,0.38,0.481,0.559,0.064,0.43,0.669,0.705,0.457,0.378,0.587,0.55,0.632,0.464,0.365,0.543,0.602,0.621,0.596,0.457,0.461,0.452,0.588,0.706,0.53,0.547,0.553,0.657,0.431,0.566,0.449,0.507,0.704,0.576,0.434,0.538,0.544,0.458,0.602,0.581,0.768,0.58,0.427,0.542,0.552,0.611,0.51,0.511,0.87,0.465,0.725,0.553,0.464,0.516,0.631,0.495,0.521
9/26/1980,0.5572,0.547,0.555,0.453,0.851,0.489,0.587,0.575,0.371,0.582,0.618,0.605,0.613,0,0.61,0.734,0.533,0.45,0.551,0.51,0.727,0.501,0.629,0.783,0.586,0.398,0.525,0.573,0.599,0.542,1.124,0.501,0.547,0.491,0.714,0.516,0.584,0.387,0.508,0.709,0.587,0.539,0.576,0.957,0.52,0.379,0.476,0.551,0.05,0.426,0.677,0.704,0.451,0.392,0.58,0.539,0.617,0.461,0.362,0.54,0.577,0.614,0.58,0.454,0.456,0.452,0.579,0.718,0.527,0.545,0.55,0.654,0.426,0.56,0.448,0.501,0.696,0.575,0.43,0.535,0.537,0.454,0.6,0.575,0.742,0.575,0.425,0.536,0.542,0.603,0.504,0.509,0.825,0.467,0.706,0.552,0.462,0.515,0.621,0.489,0.517
9/27/1980,0.5371,0.544,0.544,0.453,0.848,0.49,0.583,0.576,0.37,0.576,0.603,0.647,0.606,0,0.602,0.732,0.531,0.449,0.551,0.504,0.702,0.5,0.624,0.787,0.587,0.395,0.519,0.569,0.588,0.538,1.131,0.496,0.537,0.485,0.707,0.51,0.575,0.386,0.506,0.698,0.579,0.534,0.571,0.963,0.515,0.378,0.474,0.545,0.035,0.425,0.688,0.705,0.447,0.417,0.576,0.532,0.605,0.461,0.358,0.538,0.56,0.609,0.571,0.452,0.453,0.448,0.571,0.729,0.527,0.544,0.547,0.65,0.422,0.558,0.446,0.498,0.689,0.574,0.427,0.532,0.53,0.451,0.599,0.573,0.723,0.574,0.425,0.53,0.536,0.597,0.501,0.51,0.791,0.469,0.69,0.553,0.46,0.514,0.615,0.484,0.516
9/28/1980,0.5281,0.539,0.537,0.45,0.833,0.485,0.579,0.579,0.367,0.572,0.594,0.651,0.599,0,0.597,0.73,0.527,0.447,0.549,0.5,0.685,0.497,0.62,0.776,0.582,0.393,0.515,0.566,0.579,0.534,1.107,0.493,0.53,0.482,0.702,0.505,0.569,0.386,0.504,0.69,0.574,0.529,0.566,0.963,0.511,0.376,0.471,0.54,0.019,0.422,0.679,0.7,0.443,0.419,0.57,0.526,0.598,0.459,0.356,0.536,0.548,0.604,0.563,0.45,0.45,0.445,0.565,0.735,0.522,0.543,0.543,0.648,0.419,0.551,0.443,0.495,0.686,0.57,0.425,0.529,0.524,0.447,0.597,0.571,0.707,0.571,0.422,0.527,0.534,0.59,0.498,0.508,0.734,0.462,0.673,0.548,0.457,0.513,0.609,0.481,0.514
9/29/1980,0.5169,0.534,0.529,0.446,0.809,0.478,0.573,0.578,0.364,0.568,0.587,0.631,0.592,0,0.592,0.725,0.523,0.443,0.545,0.493,0.679,0.493,0.614,0.761,0.575,0.389,0.51,0.56,0.57,0.528,1.073,0.488,0.523,0.478,0.696,0.499,0.563,0.384,0.5,0.68,0.568,0.522,0.559,0.963,0.506,0.374,0.466,0.535,0,0.419,0.66,0.692,0.439,0.402,0.562,0.519,0.591,0.456,0.355,0.532,0.536,0.599,0.555,0.447,0.446,0.441,0.559,0.737,0.515,0.539,0.539,0.645,0.416,0.54,0.438,0.491,0.683,0.564,0.422,0.526,0.518,0.443,0.593,0.566,0.691,0.566,0.418,0.523,0.53,0.582,0.493,0.503,0.671,0.453,0.652,0.54,0.453,0.509,0.602,0.477,0.51
9/30/1980,0.5035,0.528,0.521,0.443,0.786,0.473,0.568,0.577,0.36,0.562,0.577,0.621,0.585,0,0.584,0.72,0.518,0.44,0.541,0.487,0.671,0.49,0.608,0.749,0.569,0.385,0.504,0.555,0.56,0.523,1.057,0.483,0.514,0.472,0.689,0.492,0.556,0.382,0.496,0.67,0.561,0.516,0.553,0.963,0.501,0.371,0.461,0.53,0,0.416,0.649,0.686,0.435,0.391,0.555,0.513,0.581,0.453,0.352,0.528,0.524,0.592,0.547,0.445,0.442,0.437,0.552,0.739,0.509,0.536,0.535,0.64,0.412,0.532,0.435,0.486,0.678,0.559,0.419,0.523,0.512,0.439,0.588,0.561,0.677,0.561,0.415,0.519,0.524,0.574,0.489,0.5,0.619,0.447,0.631,0.535,0.448,0.506,0.595,0.473,0.507
10/1/1980,0.4946,0.522,0.514,0.439,0.763,0.466,0.562,0.574,0.357,0.557,0.57,0.599,0.578,0,0.578,0.712,0.513,0.436,0.537,0.48,0.671,0.486,0.602,0.735,0.562,0.382,0.498,0.549,0.552,0.517,1.034,0.478,0.508,0.468,0.684,0.486,0.55,0.38,0.491,0.661,0.554,0.509,0.546,0.96,0.496,0.368,0.456,0.526,0,0.412,0.632,0.677,0.431,0.371,0.548,0.506,0.574,0.449,0.35,0.524,0.515,0.585,0.54,0.442,0.437,0.433,0.546,0.738,0.502,0.532,0.53,0.636,0.409,0.522,0.431,0.482,0.673,0.553,0.417,0.521,0.506,0.434,0.583,0.557,0.666,0.556,0.411,0.516,0.519,0.566,0.484,0.495,0.564,0.439,0.612,0.528,0.444,0.502,0.587,0.469,0.503
10/2/1980,0.4879,0.516,0.507,0.434,0.735,0.459,0.556,0.567,0.353,0.552,0.565,0.559,0.571,0,0.571,0.702,0.508,0.431,0.531,0.472,0.683,0.481,0.593,0.719,0.553,0.377,0.492,0.543,0.545,0.51,1.005,0.473,0.503,0.464,0.682,0.48,0.545,0.378,0.485,0.651,0.548,0.501,0.538,0.958,0.491,0.364,0.45,0.521,0,0.407,0.611,0.666,0.427,0.337,0.54,0.499,0.565,0.443,0.349,0.519,0.507,0.577,0.532,0.44,0.432,0.429,0.541,0.735,0.493,0.525,0.525,0.63,0.405,0.512,0.426,0.476,0.668,0.546,0.414,0.517,0.501,0.43,0.577,0.55,0.655,0.549,0.406,0.511,0.511,0.558,0.477,0.488,0.509,0.43,0.592,0.519,0.439,0.496,0.579,0.465,0.498
10/3/1980,0.4767,0.511,0.498,0.431,0.718,0.456,0.55,0.562,0.35,0.544,0.554,0.552,0.564,0,0.563,0.693,0.503,0.427,0.526,0.465,0.688,0.478,0.586,0.713,0.548,0.374,0.486,0.537,0.535,0.504,1.012,0.467,0.495,0.457,0.677,0.473,0.537,0.375,0.48,0.642,0.539,0.495,0.531,0.958,0.486,0.362,0.445,0.516,0,0.404,0.606,0.66,0.423,0.323,0.534,0.492,0.555,0.439,0.346,0.514,0.497,0.57,0.524,0.437,0.427,0.426,0.534,0.734,0.488,0.521,0.52,0.624,0.401,0.506,0.423,0.471,0.66,0.542,0.411,0.513,0.496,0.425,0.571,0.545,0.645,0.544,0.403,0.506,0.504,0.55,0.471,0.483,0.474,0.427,0.574,0.516,0.435,0.493,0.571,0.459,0.493
10/4/1980,0.4722,0.506,0.492,0.428,0.703,0.452,0.545,0.559,0.347,0.537,0.546,0.547,0.559,0,0.555,0.685,0.499,0.423,0.522,0.459,0.691,0.474,0.581,0.706,0.544,0.37,0.48,0.532,0.527,0.499,1.021,0.462,0.489,0.452,0.672,0.467,0.53,0.372,0.475,0.635,0.533,0.49,0.525,0.956,0.481,0.359,0.441,0.512,0,0.401,0.602,0.653,0.419,0.313,0.529,0.486,0.547,0.435,0.343,0.509,0.489,0.563,0.517,0.433,0.422,0.422,0.528,0.733,0.483,0.516,0.514,0.619,0.397,0.502,0.42,0.466,0.653,0.537,0.408,0.51,0.49,0.421,0.566,0.541,0.637,0.539,0.401,0.501,0.498,0.543,0.466,0.479,0.436,0.422,0.558,0.512,0.43,0.489,0.564,0.455,0.489
10/5/1980,0.4677,0.5,0.486,0.425,0.687,0.449,0.54,0.557,0.343,0.53,0.536,0.548,0.553,0,0.548,0.677,0.493,0.42,0.518,0.453,0.689,0.471,0.577,0.698,0.54,0.366,0.474,0.527,0.519,0.495,1.035,0.456,0.482,0.447,0.667,0.462,0.522,0.37,0.47,0.629,0.526,0.486,0.519,0.952,0.476,0.356,0.437,0.507,0,0.398,0.598,0.648,0.415,0.305,0.523,0.48,0.539,0.431,0.34,0.505,0.482,0.557,0.511,0.43,0.418,0.418,0.522,0.733,0.479,0.513,0.508,0.613,0.393,0.499,0.416,0.462,0.646,0.532,0.405,0.506,0.485,0.416,0.561,0.537,0.629,0.534,0.398,0.496,0.494,0.536,0.462,0.475,0.398,0.418,0.541,0.509,0.425,0.486,0.558,0.45,0.486
10/6/1980,0.4565,0.495,0.481,0.421,0.668,0.443,0.535,0.555,0.339,0.525,0.529,0.538,0.547,0,0.542,0.669,0.488,0.415,0.514,0.448,0.693,0.466,0.573,0.686,0.535,0.363,0.469,0.522,0.513,0.491,1.04,0.451,0.477,0.442,0.662,0.457,0.515,0.368,0.465,0.623,0.52,0.482,0.512,0.947,0.472,0.352,0.432,0.503,0,0.395,0.589,0.64,0.412,0.29,0.518,0.474,0.532,0.427,0.336,0.5,0.476,0.55,0.506,0.426,0.414,0.413,0.516,0.73,0.473,0.508,0.502,0.607,0.389,0.494,0.411,0.458,0.641,0.526,0.402,0.503,0.48,0.412,0.556,0.532,0.623,0.529,0.395,0.492,0.49,0.529,0.457,0.471,0.353,0.412,0.525,0.504,0.42,0.482,0.551,0.446,0.481
10/7/1980,0.452,0.489,0.475,0.417,0.649,0.438,0.53,0.551,0.335,0.519,0.523,0.522,0.542,0,0.535,0.659,0.482,0.41,0.509,0.442,0.702,0.461,0.567,0.675,0.529,0.359,0.463,0.516,0.506,0.486,1.044,0.446,0.471,0.437,0.659,0.452,0.509,0.365,0.46,0.616,0.514,0.477,0.506,0.942,0.468,0.348,0.427,0.499,0,0.391,0.578,0.631,0.408,0.27,0.511,0.468,0.525,0.422,0.333,0.495,0.47,0.543,0.499,0.422,0.409,0.409,0.51,0.726,0.467,0.503,0.496,0.601,0.386,0.488,0.406,0.453,0.635,0.519,0.399,0.499,0.475,0.407,0.55,0.527,0.617,0.522,0.392,0.487,0.485,0.522,0.452,0.465,0.308,0.405,0.508,0.498,0.415,0.477,0.544,0.442,0.477
10/8/1980,0.4476,0.483,0.47,0.413,0.632,0.433,0.525,0.546,0.331,0.513,0.516,0.506,0.536,0,0.529,0.649,0.477,0.406,0.504,0.436,0.712,0.456,0.562,0.665,0.523,0.355,0.458,0.51,0.499,0.481,1.049,0.441,0.466,0.433,0.655,0.447,0.503,0.362,0.454,0.609,0.508,0.472,0.499,0.937,0.463,0.345,0.422,0.495,0,0.388,0.569,0.623,0.405,0.251,0.505,0.462,0.517,0.418,0.33,0.49,0.464,0.536,0.493,0.419,0.404,0.404,0.505,0.721,0.46,0.497,0.49,0.596,0.382,0.483,0.402,0.448,0.63,0.513,0.396,0.495,0.47,0.403,0.544,0.522,0.61,0.516,0.388,0.482,0.479,0.515,0.447,0.46,0.266,0.399,0.493,0.493,0.41,0.472,0.537,0.437,0.472
10/9/1980,0.4409,0.477,0.465,0.408,0.615,0.427,0.52,0.539,0.327,0.508,0.511,0.481,0.53,0,0.522,0.638,0.471,0.401,0.498,0.429,0.729,0.451,0.555,0.654,0.515,0.351,0.452,0.504,0.494,0.475,1.049,0.435,0.461,0.428,0.654,0.442,0.498,0.358,0.449,0.602,0.502,0.466,0.492,0.932,0.459,0.341,0.416,0.491,0,0.383,0.557,0.613,0.401,0.225,0.499,0.457,0.511,0.412,0.328,0.485,0.459,0.529,0.487,0.415,0.399,0.4,0.5,0.715,0.453,0.491,0.485,0.59,0.379,0.477,0.397,0.443,0.625,0.507,0.393,0.49,0.466,0.398,0.537,0.517,0.604,0.51,0.384,0.477,0.473,0.508,0.441,0.453,0.223,0.392,0.479,0.486,0.406,0.467,0.53,0.434,0.467
10/10/1980,0.4319,0.471,0.463,0.4,0.585,0.415,0.514,0.528,0.324,0.505,0.511,0.398,0.523,0,0.517,0.623,0.464,0.395,0.49,0.421,0.765,0.444,0.544,0.633,0.502,0.347,0.448,0.497,0.492,0.466,0.998,0.43,0.46,0.426,0.658,0.437,0.497,0.354,0.441,0.592,0.497,0.456,0.482,0.927,0.454,0.335,0.409,0.489,0,0.377,0.526,0.598,0.397,0.162,0.49,0.451,0.504,0.405,0.327,0.479,0.46,0.52,0.481,0.413,0.391,0.395,0.497,0.703,0.442,0.481,0.48,0.584,0.376,0.466,0.391,0.437,0.624,0.498,0.391,0.484,0.462,0.395,0.528,0.509,0.598,0.501,0.378,0.472,0.462,0.501,0.432,0.443,0.165,0.379,0.465,0.473,0.401,0.458,0.522,0.431,0.461
10/11/1980,0.4207,0.465,0.453,0.396,0.583,0.416,0.508,0.518,0.32,0.497,0.501,0.391,0.516,0,0.507,0.611,0.461,0.39,0.484,0.413,0.795,0.439,0.535,0.64,0.498,0.342,0.44,0.492,0.483,0.459,1.029,0.423,0.451,0.418,0.659,0.428,0.489,0.349,0.434,0.582,0.488,0.451,0.474,0.93,0.448,0.332,0.403,0.484,0,0.372,0.531,0.592,0.392,0.148,0.484,0.443,0.492,0.399,0.324,0.473,0.45,0.512,0.472,0.409,0.385,0.393,0.491,0.698,0.438,0.475,0.475,0.577,0.371,0.467,0.388,0.431,0.615,0.494,0.386,0.48,0.457,0.39,0.522,0.502,0.591,0.494,0.375,0.466,0.452,0.494,0.425,0.438,0.144,0.38,0.454,0.471,0.396,0.455,0.514,0.426,0.455
10/12/1980,0.4274,0.466,0.455,0.399,0.58,0.424,0.509,0.509,0.322,0.496,0.502,0.398,0.519,0,0.505,0.604,0.463,0.391,0.485,0.413,0.814,0.445,0.532,0.657,0.502,0.344,0.441,0.494,0.487,0.457,1.162,0.423,0.446,0.416,0.652,0.429,0.491,0.349,0.433,0.584,0.49,0.451,0.474,0.933,0.449,0.333,0.406,0.485,0,0.373,0.558,0.592,0.393,0.121,0.486,0.445,0.491,0.398,0.325,0.474,0.458,0.512,0.479,0.412,0.385,0.395,0.492,0.692,0.443,0.472,0.475,0.574,0.371,0.472,0.393,0.43,0.608,0.5,0.387,0.477,0.459,0.393,0.519,0.503,0.589,0.495,0.378,0.467,0.448,0.487,0.422,0.438,0.132,0.391,0.425,0.476,0.396,0.455,0.515,0.426,0.455
10/13/1980,0.461,0.466,0.465,0.399,0.576,0.419,0.509,0.502,0.322,0.497,0.507,0.357,0.521,0,0.506,0.594,0.46,0.389,0.483,0.413,0.854,0.443,0.529,0.652,0.498,0.344,0.442,0.492,0.495,0.456,1.184,0.422,0.453,0.419,0.659,0.433,0.495,0.347,0.431,0.586,0.492,0.451,0.47,0.934,0.45,0.331,0.406,0.487,0,0.373,0.551,0.586,0.393,0.081,0.486,0.446,0.492,0.395,0.327,0.473,0.474,0.51,0.484,0.413,0.384,0.392,0.495,0.68,0.441,0.467,0.474,0.571,0.371,0.475,0.391,0.43,0.609,0.498,0.387,0.472,0.461,0.394,0.516,0.502,0.597,0.494,0.376,0.466,0.444,0.488,0.418,0.435,0.133,0.388,0.428,0.472,0.397,0.451,0.516,0.429,0.454
10/14/1980,0.4476,0.493,0.529,0.434,0.474,0.439,0.536,0.491,0.35,0.519,0.567,0.166,0.571,0,0.53,0.605,0.48,0.415,0.509,0.443,0.912,0.486,0.539,0.679,0.517,0.373,0.475,0.521,0.564,0.473,1.714,0.447,0.475,0.439,0.604,0.476,0.546,0.368,0.451,0.641,0.541,0.466,0.488,0.939,0.484,0.351,0.437,0.512,0,0.4,0.589,0.592,0.423,0,0.513,0.49,0.536,0.409,0.358,0.493,0.574,0.54,0.565,0.448,0.406,0.409,0.529,0.63,0.464,0.481,0.501,0.581,0.395,0.475,0.427,0.45,0.602,0.536,0.413,0.476,0.497,0.426,0.527,0.525,0.649,0.517,0.41,0.51,0.452,0.461,0.427,0.452,0.137,0.425,0.289,0.492,0.407,0.464,0.555,0.456,0.47
10/15/1980,0.4565,0.502,0.579,0.438,0.558,0.442,0.543,0.487,0.353,0.523,0.581,0.187,0.593,0,0.538,0.591,0.478,0.413,0.51,0.456,1.094,0.484,0.563,0.704,0.529,0.375,0.482,0.523,0.595,0.492,1.948,0.448,0.515,0.447,0.641,0.494,0.555,0.366,0.451,0.682,0.547,0.489,0.494,0.942,0.49,0.349,0.434,0.527,0,0.405,0.629,0.602,0.428,0,0.533,0.503,0.55,0.405,0.36,0.495,0.641,0.544,0.59,0.449,0.408,0.405,0.543,0.593,0.481,0.479,0.497,0.58,0.397,0.526,0.427,0.455,0.604,0.536,0.409,0.471,0.511,0.428,0.525,0.532,0.751,0.52,0.418,0.508,0.457,0.494,0.427,0.453,0.294,0.436,0.374,0.509,0.412,0.463,0.566,0.463,0.476
10/16/1980,0.4364,0.491,0.557,0.42,0.625,0.419,0.534,0.49,0.341,0.523,0.569,0.145,0.57,0,0.536,0.581,0.468,0.4,0.497,0.445,1.161,0.457,0.557,0.67,0.515,0.363,0.471,0.512,0.572,0.486,1.466,0.436,0.52,0.443,0.71,0.475,0.541,0.355,0.44,0.656,0.528,0.485,0.487,0.948,0.477,0.338,0.413,0.525,0,0.393,0.556,0.592,0.414,0,0.521,0.488,0.534,0.4,0.352,0.485,0.609,0.534,0.549,0.437,0.399,0.398,0.535,0.604,0.464,0.473,0.489,0.579,0.391,0.533,0.405,0.45,0.63,0.513,0.399,0.473,0.499,0.416,0.522,0.516,0.762,0.509,0.394,0.496,0.461,0.529,0.424,0.441,0.356,0.407,0.505,0.493,0.411,0.457,0.551,0.458,0.47
10/17/1980,0.4319,0.483,0.528,0.412,0.603,0.421,0.527,0.491,0.34,0.525,0.558,0.018,0.551,0,0.533,0.588,0.473,0.399,0.492,0.434,1.153,0.448,0.538,0.66,0.51,0.361,0.465,0.511,0.553,0.47,1.079,0.431,0.505,0.435,0.739,0.458,0.532,0.352,0.435,0.626,0.514,0.471,0.485,0.972,0.468,0.34,0.403,0.521,0,0.386,0.502,0.586,0.406,0,0.51,0.476,0.519,0.402,0.354,0.481,0.571,0.529,0.52,0.435,0.396,0.41,0.528,0.632,0.452,0.477,0.495,0.585,0.392,0.515,0.403,0.448,0.646,0.506,0.402,0.486,0.491,0.411,0.524,0.503,0.731,0.501,0.385,0.501,0.46,0.532,0.424,0.437,0.302,0.402,0.519,0.484,0.413,0.462,0.539,0.454,0.465
10/18/1980,0.4409,0.448,0.479,0.381,0.678,0.436,0.495,0.462,0.319,0.498,0.502,0.165,0.509,0,0.497,0.546,0.453,0.373,0.463,0.402,1.148,0.414,0.501,0.723,0.498,0.338,0.433,0.484,0.505,0.435,1.257,0.399,0.456,0.391,0.748,0.415,0.489,0.328,0.4,0.571,0.473,0.447,0.447,0.923,0.433,0.322,0.377,0.487,0,0.361,0.607,0.568,0.38,0,0.476,0.437,0.467,0.374,0.328,0.454,0.523,0.492,0.466,0.402,0.367,0.39,0.492,0.609,0.445,0.442,0.463,0.555,0.367,0.541,0.38,0.419,0.592,0.478,0.374,0.445,0.458,0.386,0.5,0.478,0.664,0.469,0.371,0.46,0.417,0.501,0.393,0.414,0.131,0.412,0.483,0.473,0.379,0.438,0.506,0.428,0.434
10/19/1980,0.4364,0.445,0.466,0.377,0.711,0.44,0.494,0.46,0.317,0.497,0.494,0.244,0.502,0,0.494,0.543,0.452,0.371,0.461,0.399,1.118,0.411,0.496,0.743,0.498,0.335,0.429,0.485,0.494,0.431,1.293,0.397,0.447,0.385,0.751,0.409,0.483,0.327,0.399,0.56,0.47,0.443,0.444,0.919,0.431,0.322,0.375,0.482,0,0.359,0.639,0.57,0.377,0,0.473,0.432,0.46,0.373,0.324,0.453,0.508,0.489,0.456,0.4,0.364,0.388,0.487,0.616,0.448,0.438,0.461,0.553,0.364,0.547,0.377,0.418,0.588,0.477,0.371,0.439,0.453,0.383,0.499,0.478,0.635,0.467,0.371,0.451,0.411,0.497,0.391,0.414,0.106,0.416,0.483,0.472,0.377,0.436,0.502,0.425,0.432
10/20/1980,0.4364,0.43,0.453,0.364,0.694,0.423,0.482,0.455,0.31,0.487,0.482,0.222,0.485,0,0.481,0.53,0.439,0.362,0.449,0.387,1.05,0.398,0.48,0.727,0.483,0.328,0.418,0.472,0.48,0.417,1.245,0.385,0.431,0.372,0.743,0.396,0.471,0.32,0.387,0.538,0.46,0.429,0.425,0.886,0.42,0.314,0.365,0.47,0,0.349,0.626,0.556,0.368,0,0.458,0.419,0.445,0.363,0.318,0.441,0.497,0.475,0.44,0.39,0.353,0.374,0.474,0.606,0.436,0.424,0.45,0.542,0.356,0.54,0.365,0.407,0.576,0.464,0.36,0.421,0.44,0.375,0.489,0.467,0.578,0.453,0.361,0.436,0.397,0.482,0.377,0.403,0,0.403,0.452,0.455,0.363,0.424,0.491,0.416,0.421
10/21/1980,0.4364,0.425,0.45,0.361,0.657,0.415,0.478,0.451,0.309,0.485,0.481,0.163,0.479,0,0.477,0.524,0.434,0.36,0.446,0.383,1.013,0.396,0.471,0.712,0.476,0.327,0.414,0.468,0.476,0.41,1.204,0.382,0.424,0.368,0.733,0.392,0.469,0.319,0.384,0.528,0.458,0.422,0.418,0.875,0.417,0.313,0.362,0.467,0,0.346,0.605,0.548,0.366,0,0.452,0.416,0.441,0.36,0.319,0.438,0.496,0.47,0.436,0.391,0.349,0.37,0.47,0.6,0.429,0.42,0.447,0.539,0.354,0.527,0.363,0.403,0.572,0.46,0.358,0.416,0.437,0.373,0.485,0.462,0.55,0.448,0.359,0.435,0.391,0.471,0.372,0.397,0,0.396,0.418,0.446,0.358,0.42,0.487,0.415,0.417
10/22/1980,0.4319,0.419,0.454,0.357,0.581,0.395,0.47,0.447,0.308,0.481,0.482,0,0.472,0,0.472,0.514,0.424,0.357,0.44,0.377,0.975,0.39,0.458,0.663,0.46,0.325,0.41,0.458,0.477,0.4,1.004,0.376,0.424,0.368,0.728,0.389,0.468,0.317,0.379,0.515,0.454,0.41,0.406,0.864,0.412,0.309,0.356,0.466,0,0.343,0.535,0.529,0.363,0,0.442,0.41,0.434,0.354,0.323,0.431,0.502,0.462,0.43,0.391,0.344,0.364,0.466,0.59,0.411,0.415,0.444,0.534,0.352,0.504,0.359,0.398,0.572,0.451,0.356,0.412,0.432,0.371,0.478,0.453,0.529,0.44,0.352,0.435,0.386,0.463,0.365,0.386,0,0.377,0.389,0.429,0.351,0.413,0.48,0.412,0.411
10/23/1980,0.3804,0.408,0.46,0.35,0.439,0.364,0.455,0.442,0.306,0.474,0.482,0,0.458,0,0.464,0.497,0.408,0.351,0.428,0.364,0.913,0.38,0.434,0.575,0.434,0.322,0.402,0.44,0.479,0.381,0.567,0.366,0.425,0.366,0.726,0.382,0.464,0.314,0.369,0.49,0.444,0.391,0.384,0.849,0.402,0.304,0.346,0.464,0,0.337,0.404,0.497,0.357,0,0.426,0.399,0.419,0.346,0.329,0.417,0.514,0.447,0.416,0.391,0.334,0.357,0.459,0.577,0.381,0.409,0.437,0.526,0.348,0.464,0.353,0.389,0.574,0.435,0.353,0.409,0.423,0.365,0.468,0.436,0.502,0.425,0.342,0.438,0.378,0.453,0.354,0.368,0,0.348,0.346,0.404,0.341,0.403,0.466,0.407,0.4
10/24/1980,0.3581,0.403,0.448,0.345,0.458,0.385,0.444,0.434,0.304,0.469,0.464,0,0.45,0,0.456,0.49,0.408,0.346,0.423,0.354,0.899,0.372,0.423,0.602,0.436,0.317,0.393,0.436,0.473,0.371,0.474,0.361,0.417,0.358,0.743,0.374,0.451,0.31,0.363,0.479,0.43,0.384,0.381,0.852,0.393,0.304,0.341,0.458,0,0.333,0.43,0.496,0.35,0,0.42,0.389,0.407,0.342,0.326,0.409,0.507,0.439,0.399,0.386,0.327,0.362,0.449,0.585,0.381,0.407,0.433,0.52,0.342,0.471,0.353,0.385,0.562,0.431,0.348,0.411,0.415,0.359,0.466,0.429,0.489,0.422,0.341,0.433,0.369,0.454,0.351,0.366,0,0.362,0.363,0.409,0.341,0.402,0.458,0.399,0.394
10/25/1980,0.3916,0.402,0.433,0.345,0.512,0.411,0.441,0.428,0.304,0.471,0.453,0,0.448,0,0.454,0.49,0.415,0.346,0.424,0.352,0.886,0.371,0.419,0.656,0.444,0.316,0.39,0.44,0.464,0.368,0.583,0.361,0.405,0.35,0.749,0.368,0.445,0.31,0.362,0.473,0.425,0.383,0.384,0.849,0.391,0.307,0.34,0.453,0,0.332,0.498,0.505,0.348,0,0.42,0.386,0.403,0.344,0.324,0.409,0.494,0.438,0.391,0.383,0.325,0.368,0.444,0.59,0.393,0.406,0.433,0.519,0.339,0.485,0.356,0.384,0.548,0.435,0.346,0.411,0.412,0.357,0.467,0.429,0.47,0.423,0.346,0.428,0.364,0.452,0.352,0.371,0,0.382,0.368,0.417,0.342,0.403,0.456,0.395,0.394
10/26/1980,0.4274,0.401,0.432,0.344,0.504,0.409,0.439,0.426,0.305,0.472,0.455,0,0.446,0,0.454,0.485,0.413,0.345,0.423,0.351,0.854,0.371,0.415,0.653,0.441,0.316,0.39,0.44,0.463,0.365,0.547,0.36,0.404,0.349,0.748,0.367,0.446,0.312,0.363,0.466,0.427,0.379,0.382,0.838,0.392,0.308,0.34,0.453,0,0.332,0.494,0.502,0.348,0,0.418,0.386,0.403,0.344,0.327,0.408,0.494,0.436,0.388,0.385,0.324,0.366,0.443,0.586,0.392,0.404,0.433,0.518,0.339,0.481,0.354,0.384,0.547,0.434,0.344,0.408,0.41,0.357,0.466,0.428,0.451,0.422,0.346,0.426,0.361,0.449,0.351,0.369,0,0.381,0.358,0.413,0.34,0.4,0.455,0.396,0.393
10/27/1980,0.4162,0.396,0.434,0.345,0.428,0.402,0.433,0.418,0.307,0.471,0.459,0,0.442,0,0.452,0.474,0.409,0.345,0.421,0.348,0.803,0.371,0.4,0.632,0.432,0.317,0.389,0.435,0.464,0.353,0.479,0.358,0.398,0.343,0.731,0.364,0.448,0.312,0.36,0.455,0.429,0.369,0.374,0.819,0.389,0.307,0.337,0.452,0,0.331,0.461,0.49,0.348,0,0.411,0.384,0.4,0.34,0.331,0.404,0.504,0.432,0.387,0.388,0.321,0.366,0.439,0.57,0.383,0.399,0.431,0.514,0.338,0.458,0.356,0.379,0.539,0.432,0.344,0.403,0.409,0.358,0.459,0.42,0.421,0.414,0.346,0.429,0.355,0.433,0.346,0.362,0,0.376,0.292,0.402,0.331,0.394,0.452,0.395,0.389
10/28/1980,0.3983,0.393,0.436,0.339,0.46,0.4,0.428,0.415,0.302,0.466,0.451,0,0.439,0,0.447,0.466,0.4,0.338,0.415,0.345,0.787,0.363,0.4,0.631,0.428,0.311,0.384,0.429,0.465,0.353,0.423,0.353,0.403,0.345,0.745,0.364,0.441,0.309,0.357,0.452,0.424,0.368,0.368,0.808,0.385,0.303,0.334,0.449,0,0.328,0.468,0.487,0.343,0,0.409,0.379,0.395,0.336,0.327,0.397,0.509,0.425,0.38,0.383,0.315,0.357,0.435,0.567,0.381,0.394,0.424,0.507,0.332,0.468,0.349,0.377,0.537,0.425,0.336,0.396,0.403,0.352,0.456,0.418,0.421,0.413,0.341,0.418,0.35,0.441,0.341,0.358,0,0.374,0.33,0.4,0.332,0.387,0.449,0.389,0.386
10/29/1980,0.3692,0.392,0.426,0.338,0.477,0.409,0.426,0.412,0.303,0.467,0.447,0,0.436,0,0.447,0.466,0.403,0.338,0.415,0.343,0.77,0.362,0.396,0.651,0.431,0.311,0.382,0.431,0.459,0.351,0.454,0.352,0.396,0.34,0.745,0.36,0.438,0.309,0.356,0.447,0.422,0.366,0.37,0.802,0.383,0.304,0.333,0.446,0,0.327,0.492,0.491,0.342,0,0.408,0.377,0.395,0.336,0.326,0.397,0.499,0.425,0.374,0.382,0.313,0.36,0.432,0.567,0.385,0.393,0.424,0.507,0.331,0.469,0.35,0.377,0.53,0.426,0.334,0.396,0.401,0.351,0.457,0.416,0.405,0.411,0.343,0.416,0.348,0.438,0.342,0.359,0,0.381,0.325,0.401,0.331,0.387,0.448,0.388,0.386
10/30/1980,0.3692,0.394,0.418,0.339,0.537,0.425,0.43,0.41,0.303,0.47,0.444,0,0.439,0,0.449,0.47,0.409,0.339,0.419,0.346,0.774,0.365,0.401,0.693,0.44,0.311,0.384,0.438,0.453,0.354,0.62,0.354,0.391,0.339,0.747,0.36,0.437,0.31,0.359,0.45,0.425,0.37,0.376,0.801,0.385,0.307,0.336,0.444,0,0.328,0.551,0.503,0.343,0,0.412,0.379,0.399,0.339,0.324,0.4,0.49,0.429,0.375,0.382,0.315,0.362,0.432,0.57,0.397,0.393,0.426,0.509,0.331,0.484,0.352,0.379,0.525,0.431,0.333,0.396,0.402,0.352,0.46,0.42,0.399,0.414,0.348,0.413,0.348,0.438,0.345,0.365,0,0.395,0.336,0.41,0.333,0.389,0.452,0.388,0.389
10/31/1980,0.3692,0.399,0.413,0.342,0.608,0.437,0.438,0.412,0.304,0.474,0.445,0,0.445,0,0.453,0.477,0.416,0.341,0.425,0.353,0.788,0.37,0.412,0.734,0.45,0.312,0.388,0.447,0.45,0.363,0.838,0.358,0.389,0.341,0.747,0.363,0.44,0.313,0.364,0.459,0.431,0.378,0.385,0.803,0.39,0.309,0.341,0.445,0,0.331,0.612,0.518,0.346,0,0.42,0.385,0.408,0.343,0.322,0.406,0.481,0.436,0.381,0.382,0.318,0.364,0.434,0.574,0.412,0.394,0.428,0.512,0.332,0.504,0.354,0.383,0.524,0.438,0.333,0.395,0.406,0.355,0.465,0.429,0.398,0.42,0.353,0.41,0.351,0.44,0.349,0.374,0,0.406,0.35,0.419,0.338,0.393,0.458,0.391,0.394
11/1/1980,0.3737,0.404,0.416,0.344,0.638,0.434,0.447,0.419,0.305,0.479,0.452,0.07,0.452,0,0.459,0.484,0.419,0.344,0.43,0.36,0.795,0.375,0.423,0.742,0.454,0.314,0.394,0.453,0.451,0.372,0.949,0.362,0.393,0.347,0.744,0.369,0.445,0.316,0.37,0.469,0.441,0.386,0.391,0.808,0.396,0.31,0.346,0.448,0,0.335,0.628,0.526,0.351,0,0.427,0.391,0.418,0.347,0.322,0.412,0.48,0.443,0.39,0.385,0.322,0.362,0.439,0.577,0.419,0.396,0.432,0.517,0.335,0.513,0.354,0.388,0.532,0.443,0.335,0.396,0.41,0.359,0.47,0.436,0.4,0.423,0.354,0.41,0.357,0.443,0.352,0.379,0,0.406,0.357,0.422,0.344,0.396,0.465,0.396,0.399
11/2/1980,0.3916,0.407,0.423,0.346,0.628,0.424,0.453,0.427,0.307,0.484,0.462,0.059,0.457,0,0.466,0.489,0.42,0.348,0.435,0.366,0.803,0.378,0.43,0.724,0.453,0.317,0.399,0.457,0.456,0.378,0.943,0.366,0.399,0.355,0.742,0.376,0.452,0.319,0.374,0.475,0.449,0.39,0.396,0.816,0.401,0.311,0.349,0.453,0,0.338,0.606,0.527,0.355,0,0.431,0.397,0.426,0.351,0.326,0.416,0.483,0.448,0.398,0.39,0.326,0.361,0.445,0.579,0.418,0.401,0.436,0.522,0.34,0.51,0.354,0.393,0.545,0.444,0.339,0.4,0.414,0.362,0.473,0.44,0.405,0.425,0.354,0.415,0.365,0.445,0.356,0.381,0,0.397,0.356,0.42,0.348,0.4,0.47,0.401,0.403
11/3/1980,0.3737,0.396,0.413,0.336,0.595,0.409,0.443,0.42,0.299,0.472,0.451,0.018,0.444,0,0.454,0.479,0.408,0.34,0.424,0.355,0.752,0.369,0.417,0.702,0.441,0.31,0.389,0.444,0.445,0.367,0.905,0.357,0.389,0.346,0.727,0.365,0.442,0.312,0.364,0.459,0.439,0.379,0.38,0.788,0.391,0.304,0.342,0.444,0,0.33,0.583,0.515,0.347,0,0.42,0.386,0.415,0.342,0.319,0.406,0.476,0.437,0.386,0.382,0.317,0.35,0.434,0.565,0.405,0.389,0.425,0.512,0.332,0.5,0.345,0.383,0.531,0.434,0.331,0.387,0.405,0.355,0.465,0.429,0.371,0.413,0.346,0.405,0.353,0.432,0.344,0.37,0,0.384,0.325,0.406,0.337,0.389,0.461,0.393,0.393
11/4/1980,0.3827,0.39,0.399,0.333,0.64,0.419,0.441,0.417,0.295,0.466,0.437,0.138,0.439,0,0.446,0.482,0.409,0.336,0.421,0.351,0.746,0.366,0.417,0.735,0.446,0.306,0.383,0.442,0.432,0.365,1.071,0.353,0.376,0.338,0.721,0.358,0.432,0.308,0.36,0.458,0.432,0.379,0.378,0.781,0.385,0.301,0.34,0.436,0,0.327,0.631,0.523,0.342,0,0.418,0.38,0.41,0.339,0.31,0.403,0.46,0.433,0.38,0.374,0.313,0.349,0.428,0.568,0.412,0.384,0.42,0.508,0.327,0.514,0.343,0.379,0.517,0.433,0.326,0.381,0.401,0.35,0.464,0.429,0.354,0.41,0.345,0.396,0.347,0.427,0.34,0.372,0,0.393,0.321,0.41,0.335,0.388,0.458,0.387,0.39
11/5/1980,0.3737,0.391,0.401,0.332,0.632,0.41,0.444,0.422,0.294,0.467,0.442,0.138,0.44,0,0.448,0.485,0.408,0.337,0.422,0.353,0.738,0.367,0.421,0.721,0.443,0.306,0.385,0.442,0.432,0.369,1.078,0.355,0.378,0.341,0.715,0.36,0.434,0.309,0.362,0.459,0.437,0.38,0.379,0.78,0.387,0.301,0.341,0.438,0,0.328,0.617,0.522,0.344,0,0.419,0.383,0.413,0.34,0.309,0.405,0.46,0.435,0.384,0.375,0.314,0.345,0.43,0.568,0.41,0.385,0.421,0.509,0.329,0.513,0.341,0.381,0.522,0.433,0.327,0.381,0.402,0.351,0.465,0.431,0.349,0.409,0.343,0.397,0.351,0.425,0.341,0.372,0,0.386,0.313,0.407,0.336,0.388,0.46,0.389,0.39
11/6/1980,0.3782,0.391,0.406,0.339,0.579,0.41,0.446,0.42,0.297,0.469,0.451,0.077,0.444,0,0.451,0.485,0.411,0.341,0.425,0.356,0.73,0.374,0.418,0.716,0.444,0.311,0.39,0.444,0.437,0.366,1.143,0.358,0.374,0.342,0.692,0.364,0.442,0.312,0.364,0.461,0.444,0.38,0.379,0.779,0.391,0.302,0.346,0.44,0,0.331,0.607,0.518,0.348,0,0.42,0.387,0.418,0.341,0.313,0.408,0.469,0.439,0.395,0.381,0.317,0.348,0.433,0.559,0.408,0.385,0.423,0.51,0.332,0.502,0.347,0.381,0.519,0.438,0.332,0.381,0.407,0.356,0.465,0.432,0.336,0.408,0.347,0.405,0.351,0.411,0.341,0.372,0,0.386,0.248,0.406,0.335,0.389,0.464,0.393,0.391
11/7/1980,0.4207,0.412,0.443,0.369,0.584,0.464,0.471,0.418,0.311,0.482,0.475,0.153,0.481,0,0.467,0.499,0.435,0.356,0.446,0.382,0.783,0.411,0.44,0.805,0.482,0.327,0.411,0.465,0.478,0.385,1.65,0.378,0.387,0.359,0.658,0.396,0.467,0.325,0.382,0.511,0.477,0.406,0.403,0.801,0.414,0.314,0.375,0.455,0,0.354,0.724,0.545,0.371,0,0.452,0.413,0.447,0.353,0.319,0.427,0.528,0.461,0.452,0.396,0.334,0.373,0.455,0.554,0.446,0.394,0.437,0.519,0.343,0.534,0.379,0.395,0.508,0.474,0.352,0.39,0.435,0.376,0.474,0.458,0.365,0.428,0.377,0.421,0.363,0.401,0.352,0.395,0,0.441,0.155,0.446,0.359,0.403,0.496,0.409,0.407
11/8/1980,0.4722,0.455,0.56,0.415,0.494,0.5,0.513,0.444,0.337,0.513,0.544,0.005,0.558,0,0.51,0.53,0.452,0.385,0.483,0.439,0.849,0.461,0.491,0.841,0.518,0.358,0.458,0.496,0.584,0.429,2.152,0.417,0.443,0.411,0.594,0.474,0.528,0.353,0.419,0.613,0.551,0.451,0.437,0.816,0.462,0.334,0.426,0.488,0,0.397,0.785,0.563,0.416,0,0.5,0.469,0.517,0.379,0.342,0.452,0.683,0.502,0.573,0.427,0.366,0.39,0.503,0.518,0.486,0.421,0.465,0.537,0.373,0.563,0.416,0.434,0.513,0.517,0.386,0.406,0.483,0.41,0.495,0.507,0.454,0.464,0.425,0.464,0.398,0.387,0.376,0.429,0,0.486,0.018,0.485,0.39,0.424,0.555,0.444,0.433
11/9/1980,0.4162,0.432,0.52,0.37,0.686,0.414,0.485,0.439,0.31,0.491,0.498,0.147,0.51,0,0.488,0.495,0.416,0.354,0.448,0.405,0.967,0.397,0.483,0.728,0.476,0.328,0.426,0.463,0.531,0.421,1.527,0.383,0.462,0.397,0.726,0.429,0.486,0.324,0.392,0.566,0.488,0.439,0.412,0.819,0.425,0.307,0.377,0.478,0,0.362,0.648,0.547,0.376,0,0.466,0.43,0.469,0.355,0.32,0.425,0.615,0.471,0.481,0.394,0.343,0.345,0.48,0.535,0.441,0.404,0.435,0.522,0.349,0.578,0.36,0.41,0.551,0.459,0.347,0.392,0.446,0.377,0.483,0.467,0.55,0.443,0.368,0.426,0.389,0.471,0.361,0.395,0,0.402,0.37,0.444,0.373,0.403,0.514,0.421,0.419
11/10/1980,0.4162,0.426,0.524,0.389,0.46,0.429,0.483,0.438,0.328,0.503,0.527,0,0.515,0,0.498,0.509,0.433,0.37,0.459,0.411,0.895,0.416,0.46,0.724,0.481,0.346,0.44,0.473,0.537,0.4,1.61,0.392,0.434,0.38,0.64,0.428,0.506,0.336,0.394,0.569,0.507,0.422,0.416,0.792,0.434,0.321,0.379,0.477,0,0.371,0.607,0.532,0.39,0,0.462,0.442,0.486,0.364,0.341,0.434,0.634,0.483,0.507,0.414,0.353,0.371,0.485,0.502,0.433,0.414,0.45,0.533,0.366,0.519,0.383,0.413,0.526,0.471,0.372,0.406,0.458,0.389,0.482,0.462,0.498,0.433,0.39,0.469,0.392,0.409,0.364,0.397,0,0.413,0.123,0.435,0.353,0.413,0.523,0.432,0.416
11/11/1980,0.4073,0.418,0.498,0.364,0.638,0.418,0.471,0.428,0.31,0.486,0.487,0,0.492,0,0.48,0.49,0.418,0.35,0.439,0.39,0.959,0.388,0.459,0.723,0.473,0.326,0.418,0.456,0.514,0.401,1.297,0.374,0.446,0.377,0.735,0.407,0.475,0.319,0.38,0.544,0.469,0.422,0.405,0.813,0.413,0.307,0.361,0.47,0,0.354,0.61,0.538,0.367,0,0.451,0.417,0.452,0.351,0.322,0.418,0.595,0.462,0.454,0.39,0.337,0.355,0.47,0.534,0.427,0.402,0.434,0.522,0.348,0.556,0.359,0.4,0.542,0.452,0.348,0.399,0.438,0.369,0.479,0.45,0.55,0.431,0.363,0.433,0.379,0.463,0.356,0.386,0,0.399,0.352,0.436,0.36,0.403,0.501,0.414,0.409
11/12/1980,0.4073,0.437,0.571,0.415,0.288,0.438,0.492,0.444,0.351,0.516,0.552,0,0.539,0,0.513,0.52,0.445,0.39,0.477,0.431,0.882,0.432,0.457,0.718,0.487,0.366,0.463,0.488,0.576,0.397,1.665,0.405,0.437,0.379,0.581,0.452,0.532,0.354,0.406,0.603,0.53,0.416,0.425,0.78,0.45,0.34,0.389,0.483,0,0.392,0.564,0.528,0.408,0,0.461,0.465,0.511,0.378,0.365,0.442,0.705,0.497,0.549,0.434,0.367,0.389,0.496,0.47,0.432,0.429,0.466,0.547,0.385,0.495,0.403,0.427,0.509,0.482,0.395,0.424,0.471,0.403,0.49,0.474,0.528,0.443,0.417,0.509,0.398,0.374,0.374,0.411,0,0.421,0,0.429,0.338,0.428,0.542,0.448,0.421
11/13/1980,0.3849,0.418,0.539,0.373,0.525,0.401,0.469,0.425,0.318,0.485,0.499,0,0.501,0,0.482,0.478,0.411,0.352,0.438,0.395,0.973,0.391,0.456,0.67,0.467,0.33,0.423,0.447,0.545,0.396,1.081,0.373,0.465,0.379,0.727,0.417,0.483,0.32,0.379,0.562,0.473,0.42,0.4,0.802,0.413,0.308,0.358,0.476,0,0.358,0.523,0.523,0.372,0,0.446,0.421,0.455,0.348,0.332,0.413,0.66,0.457,0.47,0.395,0.337,0.356,0.475,0.509,0.415,0.405,0.43,0.522,0.35,0.54,0.365,0.399,0.544,0.449,0.352,0.403,0.442,0.37,0.473,0.445,0.61,0.428,0.369,0.448,0.38,0.461,0.353,0.38,0,0.386,0.309,0.428,0.354,0.402,0.504,0.417,0.408
11/14/1980,0.3357,0.394,0.516,0.361,0.274,0.361,0.445,0.425,0.316,0.477,0.499,0,0.467,0,0.472,0.471,0.4,0.347,0.422,0.371,0.841,0.374,0.411,0.542,0.436,0.327,0.409,0.425,0.523,0.359,0.329,0.358,0.444,0.36,0.711,0.39,0.472,0.316,0.362,0.507,0.455,0.381,0.374,0.771,0.395,0.305,0.336,0.467,0,0.345,0.308,0.482,0.36,0,0.416,0.401,0.431,0.337,0.341,0.398,0.636,0.439,0.432,0.394,0.327,0.363,0.458,0.505,0.366,0.403,0.426,0.519,0.348,0.456,0.359,0.383,0.549,0.427,0.355,0.41,0.425,0.362,0.46,0.414,0.53,0.398,0.352,0.463,0.372,0.433,0.342,0.353,0,0.343,0.201,0.387,0.331,0.394,0.48,0.409,0.39
11/15/1980,0.2909,0.381,0.494,0.344,0.252,0.368,0.424,0.416,0.307,0.464,0.469,0,0.443,0,0.455,0.457,0.388,0.335,0.407,0.348,0.776,0.356,0.385,0.528,0.424,0.316,0.39,0.408,0.51,0.339,0,0.345,0.437,0.352,0.749,0.372,0.448,0.306,0.349,0.469,0.426,0.362,0.355,0.779,0.377,0.298,0.325,0.457,0,0.332,0.281,0.468,0.343,0,0.4,0.375,0.4,0.328,0.334,0.379,0.614,0.419,0.391,0.382,0.312,0.363,0.44,0.53,0.348,0.397,0.418,0.508,0.336,0.444,0.35,0.371,0.546,0.412,0.345,0.409,0.406,0.348,0.454,0.398,0.498,0.389,0.336,0.446,0.356,0.44,0.334,0.338,0,0.341,0.241,0.383,0.331,0.386,0.458,0.392,0.376
11/16/1980,0.2999,0.371,0.473,0.336,0.198,0.381,0.407,0.407,0.304,0.46,0.454,0,0.426,0,0.445,0.449,0.385,0.331,0.4,0.332,0.701,0.345,0.36,0.53,0.417,0.311,0.379,0.4,0.496,0.318,0,0.337,0.422,0.339,0.756,0.358,0.434,0.303,0.341,0.435,0.41,0.344,0.344,0.774,0.367,0.299,0.317,0.449,0,0.325,0.274,0.457,0.335,0,0.389,0.36,0.381,0.325,0.333,0.369,0.594,0.407,0.364,0.377,0.304,0.369,0.427,0.54,0.337,0.394,0.416,0.503,0.331,0.422,0.349,0.364,0.535,0.404,0.342,0.41,0.394,0.341,0.449,0.385,0.447,0.381,0.333,0.441,0.344,0.43,0.331,0.329,0,0.347,0.208,0.377,0.325,0.382,0.443,0.382,0.366
11/17/1980,0.3043,0.366,0.457,0.331,0.197,0.398,0.396,0.398,0.303,0.457,0.441,0,0.417,0,0.439,0.44,0.384,0.328,0.396,0.323,0.651,0.339,0.345,0.551,0.414,0.307,0.371,0.397,0.485,0.307,0,0.333,0.411,0.331,0.761,0.35,0.424,0.301,0.338,0.414,0.4,0.334,0.339,0.766,0.361,0.3,0.314,0.443,0,0.321,0.306,0.454,0.33,0,0.383,0.351,0.369,0.323,0.331,0.363,0.58,0.399,0.347,0.373,0.299,0.371,0.417,0.544,0.336,0.391,0.413,0.497,0.325,0.417,0.348,0.359,0.52,0.4,0.337,0.407,0.385,0.336,0.445,0.379,0.41,0.377,0.332,0.433,0.334,0.425,0.329,0.324,0,0.359,0.195,0.377,0.322,0.377,0.434,0.375,0.361
11/18/1980,0.3066,0.361,0.446,0.326,0.188,0.402,0.388,0.39,0.3,0.453,0.433,0,0.41,0,0.433,0.431,0.378,0.325,0.392,0.317,0.604,0.334,0.335,0.553,0.408,0.304,0.366,0.394,0.476,0.299,0,0.328,0.404,0.325,0.759,0.344,0.417,0.3,0.335,0.398,0.395,0.327,0.333,0.75,0.356,0.298,0.312,0.438,0,0.318,0.318,0.449,0.327,0,0.378,0.346,0.362,0.32,0.329,0.358,0.57,0.391,0.336,0.371,0.294,0.368,0.41,0.54,0.332,0.386,0.408,0.491,0.32,0.41,0.345,0.356,0.508,0.396,0.331,0.402,0.378,0.332,0.441,0.373,0.376,0.374,0.331,0.425,0.327,0.419,0.326,0.319,0,0.362,0.18,0.373,0.318,0.371,0.427,0.37,0.357
11/19/1980,0.3133,0.36,0.435,0.324,0.209,0.41,0.384,0.382,0.298,0.451,0.427,0,0.408,0,0.429,0.425,0.377,0.322,0.391,0.314,0.576,0.333,0.331,0.568,0.407,0.301,0.362,0.394,0.466,0.297,0,0.326,0.397,0.321,0.755,0.34,0.412,0.299,0.334,0.388,0.394,0.325,0.332,0.735,0.354,0.298,0.313,0.434,0,0.317,0.351,0.449,0.325,0,0.377,0.344,0.36,0.32,0.326,0.356,0.56,0.388,0.328,0.369,0.292,0.366,0.405,0.536,0.335,0.383,0.404,0.486,0.315,0.413,0.344,0.355,0.496,0.394,0.326,0.397,0.373,0.33,0.439,0.371,0.35,0.373,0.331,0.417,0.322,0.415,0.325,0.318,0,0.37,0.176,0.374,0.315,0.367,0.424,0.366,0.355
11/20/1980,0.3245,0.356,0.433,0.319,0.167,0.393,0.378,0.379,0.295,0.445,0.428,0,0.403,0,0.425,0.415,0.367,0.319,0.386,0.31,0.53,0.329,0.325,0.53,0.395,0.298,0.359,0.387,0.461,0.292,0,0.32,0.397,0.321,0.745,0.337,0.41,0.297,0.331,0.375,0.394,0.32,0.324,0.713,0.351,0.294,0.311,0.433,0,0.315,0.319,0.437,0.323,0,0.373,0.341,0.357,0.317,0.325,0.351,0.559,0.38,0.323,0.368,0.288,0.356,0.401,0.525,0.325,0.378,0.399,0.479,0.311,0.4,0.338,0.352,0.492,0.387,0.321,0.391,0.367,0.327,0.432,0.364,0.32,0.367,0.326,0.411,0.319,0.41,0.32,0.309,0,0.358,0.153,0.362,0.31,0.359,0.419,0.363,0.352
11/21/1980,0.3312,0.358,0.42,0.32,0.23,0.413,0.378,0.372,0.295,0.445,0.421,0,0.405,0,0.425,0.416,0.372,0.319,0.389,0.311,0.529,0.331,0.329,0.572,0.402,0.298,0.358,0.393,0.45,0.295,0,0.321,0.389,0.318,0.742,0.334,0.406,0.298,0.333,0.374,0.395,0.326,0.331,0.704,0.351,0.296,0.314,0.429,0,0.316,0.387,0.447,0.322,0,0.377,0.342,0.36,0.319,0.322,0.353,0.546,0.381,0.32,0.368,0.289,0.358,0.398,0.524,0.337,0.378,0.398,0.476,0.308,0.417,0.34,0.354,0.477,0.391,0.317,0.39,0.366,0.326,0.435,0.365,0.304,0.37,0.33,0.406,0.319,0.41,0.324,0.315,0,0.376,0.164,0.37,0.312,0.36,0.42,0.362,0.354
11/22/1980,0.3334,0.358,0.41,0.34,0.158,0.442,0.383,0.356,0.306,0.454,0.435,0,0.411,0,0.433,0.414,0.389,0.329,0.401,0.321,0.506,0.349,0.32,0.614,0.413,0.308,0.369,0.405,0.442,0.286,0,0.329,0.365,0.306,0.688,0.335,0.419,0.306,0.341,0.376,0.411,0.324,0.342,0.677,0.358,0.305,0.319,0.428,0,0.327,0.426,0.451,0.334,0,0.377,0.352,0.374,0.323,0.33,0.365,0.547,0.39,0.333,0.381,0.299,0.375,0.4,0.495,0.345,0.38,0.401,0.48,0.313,0.397,0.36,0.354,0.446,0.405,0.327,0.395,0.374,0.337,0.432,0.364,0.259,0.366,0.345,0.422,0.319,0.374,0.329,0.322,0,0.399,0.012,0.371,0.304,0.364,0.429,0.37,0.359
11/23/1980,0.3267,0.357,0.43,0.333,0.174,0.404,0.384,0.355,0.298,0.445,0.438,0,0.413,0,0.428,0.4,0.369,0.321,0.393,0.323,0.503,0.343,0.33,0.562,0.399,0.302,0.366,0.394,0.455,0.295,0,0.323,0.384,0.316,0.694,0.343,0.417,0.301,0.337,0.385,0.413,0.33,0.332,0.661,0.355,0.294,0.317,0.43,0,0.323,0.388,0.44,0.332,0,0.375,0.351,0.373,0.316,0.324,0.359,0.573,0.381,0.342,0.376,0.294,0.351,0.399,0.478,0.336,0.371,0.389,0.469,0.306,0.404,0.345,0.35,0.455,0.395,0.317,0.38,0.37,0.332,0.424,0.361,0.286,0.364,0.333,0.407,0.319,0.384,0.319,0.313,0,0.374,0.055,0.361,0.305,0.351,0.428,0.366,0.356
11/24/1980,0.32,0.352,0.423,0.317,0.237,0.384,0.38,0.355,0.287,0.432,0.425,0,0.405,0,0.417,0.396,0.355,0.31,0.382,0.315,0.491,0.329,0.334,0.543,0.39,0.292,0.354,0.384,0.447,0.3,0,0.312,0.391,0.318,0.71,0.335,0.403,0.293,0.329,0.38,0.402,0.331,0.324,0.65,0.346,0.283,0.311,0.423,0,0.314,0.388,0.439,0.322,0,0.372,0.342,0.365,0.31,0.313,0.35,0.562,0.37,0.329,0.364,0.284,0.332,0.392,0.481,0.332,0.362,0.379,0.458,0.298,0.42,0.328,0.345,0.455,0.383,0.305,0.368,0.36,0.321,0.42,0.354,0.286,0.361,0.32,0.387,0.315,0.397,0.312,0.307,0,0.36,0.131,0.357,0.305,0.341,0.419,0.357,0.349
11/25/1980,0.3178,0.34,0.431,0.304,0.047,0.326,0.362,0.358,0.281,0.419,0.433,0,0.389,0,0.408,0.378,0.331,0.302,0.367,0.301,0.4,0.318,0.312,0.404,0.357,0.287,0.347,0.36,0.444,0.281,0,0.298,0.396,0.32,0.69,0.326,0.4,0.287,0.318,0.347,0.396,0.31,0.297,0.622,0.335,0.273,0.302,0.423,0,0.304,0.219,0.4,0.316,0,0.358,0.331,0.352,0.3,0.316,0.336,0.57,0.352,0.314,0.362,0.272,0.316,0.385,0.466,0.292,0.354,0.37,0.449,0.292,0.366,0.314,0.338,0.467,0.362,0.299,0.362,0.348,0.313,0.405,0.335,0.239,0.341,0.305,0.384,0.311,0.386,0.299,0.281,0,0.313,0.062,0.322,0.292,0.327,0.402,0.352,0.336
11/26/1980,0.3155,0.338,0.411,0.302,0.106,0.36,0.355,0.351,0.28,0.418,0.416,0,0.387,0,0.404,0.378,0.339,0.301,0.368,0.296,0.4,0.316,0.31,0.461,0.367,0.285,0.342,0.365,0.428,0.278,0,0.298,0.385,0.312,0.691,0.318,0.39,0.285,0.318,0.341,0.388,0.313,0.305,0.622,0.33,0.276,0.303,0.416,0,0.303,0.302,0.41,0.31,0,0.36,0.326,0.348,0.304,0.311,0.335,0.552,0.35,0.303,0.357,0.272,0.325,0.379,0.476,0.303,0.356,0.369,0.446,0.288,0.385,0.318,0.337,0.447,0.363,0.295,0.367,0.343,0.31,0.408,0.332,0.222,0.342,0.308,0.381,0.309,0.386,0.304,0.286,0,0.341,0.068,0.335,0.295,0.331,0.399,0.347,0.334
11/27/1980,0.3133,0.336,0.405,0.3,0.099,0.354,0.352,0.349,0.279,0.416,0.415,0,0.384,0,0.403,0.376,0.337,0.3,0.366,0.295,0.371,0.314,0.308,0.447,0.361,0.283,0.341,0.364,0.42,0.276,0,0.295,0.383,0.312,0.681,0.315,0.388,0.285,0.318,0.331,0.388,0.312,0.305,0.604,0.328,0.275,0.303,0.414,0,0.302,0.301,0.405,0.308,0,0.36,0.326,0.347,0.305,0.31,0.334,0.546,0.347,0.299,0.357,0.271,0.32,0.376,0.47,0.301,0.354,0.367,0.442,0.285,0.384,0.314,0.338,0.441,0.359,0.292,0.365,0.339,0.308,0.407,0.328,0.199,0.34,0.306,0.377,0.31,0.384,0.304,0.284,0,0.339,0.055,0.331,0.293,0.329,0.396,0.346,0.333
11/28/1980,0.3133,0.338,0.385,0.303,0.198,0.383,0.358,0.345,0.281,0.42,0.409,0,0.387,0,0.405,0.386,0.349,0.303,0.371,0.3,0.382,0.318,0.316,0.516,0.376,0.285,0.343,0.377,0.405,0.283,0,0.3,0.372,0.307,0.679,0.313,0.386,0.288,0.323,0.336,0.391,0.322,0.32,0.6,0.332,0.28,0.308,0.41,0,0.306,0.401,0.424,0.309,0,0.366,0.329,0.354,0.312,0.307,0.341,0.527,0.354,0.299,0.357,0.276,0.326,0.376,0.474,0.322,0.356,0.369,0.443,0.287,0.411,0.319,0.342,0.423,0.367,0.292,0.366,0.341,0.31,0.414,0.332,0.185,0.347,0.314,0.374,0.314,0.384,0.311,0.297,0,0.364,0.068,0.346,0.298,0.335,0.4,0.349,0.338
11/29/1980,0.3223,0.341,0.371,0.307,0.285,0.395,0.368,0.344,0.282,0.425,0.412,0,0.391,0,0.41,0.398,0.358,0.307,0.378,0.308,0.388,0.323,0.327,0.567,0.388,0.288,0.347,0.39,0.396,0.293,0,0.304,0.364,0.307,0.674,0.315,0.39,0.292,0.33,0.342,0.398,0.333,0.332,0.595,0.339,0.283,0.312,0.409,0,0.31,0.48,0.44,0.313,0,0.372,0.336,0.364,0.318,0.305,0.35,0.51,0.362,0.304,0.36,0.282,0.326,0.378,0.475,0.34,0.356,0.373,0.447,0.29,0.436,0.321,0.347,0.415,0.374,0.293,0.363,0.345,0.314,0.421,0.34,0.169,0.353,0.319,0.371,0.319,0.381,0.316,0.308,0,0.377,0.073,0.355,0.303,0.34,0.407,0.354,0.344
11/30/1980,0.329,0.339,0.364,0.375,0,0.388,0.373,0.335,0.321,0.443,0.476,0,0.409,0,0.434,0.409,0.378,0.35,0.419,0.35,0.188,0.371,0.279,0.467,0.355,0.33,0.389,0.407,0.406,0.252,0,0.332,0.275,0.291,0.388,0.351,0.445,0.326,0.361,0.333,0.46,0.296,0.328,0.474,0.366,0.314,0.333,0.393,0,0.355,0.294,0.362,0.351,0,0.331,0.371,0.41,0.33,0.345,0.37,0.547,0.384,0.381,0.412,0.318,0.359,0.38,0.345,0.294,0.371,0.388,0.447,0.313,0.283,0.37,0.356,0.325,0.391,0.34,0.379,0.355,0.353,0.417,0.345,0,0.332,0.353,0.45,0.325,0.196,0.328,0.313,0,0.363,0,0.288,0.259,0.355,0.444,0.379,0.341
12/1/1980,0.32,0.336,0.451,0.344,0,0.326,0.36,0.327,0.289,0.403,0.446,0,0.407,0,0.402,0.352,0.329,0.312,0.378,0.327,0.313,0.35,0.307,0.383,0.348,0.296,0.356,0.352,0.462,0.27,0,0.303,0.36,0.32,0.514,0.356,0.413,0.29,0.329,0.379,0.424,0.319,0.294,0.521,0.337,0.275,0.314,0.406,0,0.323,0.232,0.358,0.335,0,0.345,0.341,0.376,0.29,0.314,0.34,0.652,0.34,0.377,0.373,0.284,0.313,0.378,0.363,0.287,0.347,0.346,0.421,0.281,0.343,0.339,0.329,0.382,0.37,0.3,0.347,0.349,0.32,0.384,0.326,0.169,0.321,0.327,0.396,0.312,0.293,0.292,0.281,0,0.325,0,0.305,0.286,0.32,0.418,0.352,0.33
12/2/1980,0.3111,0.31,0.387,0.402,0,0.28,0.336,0.351,0.334,0.415,0.473,0,0.393,0,0.417,0.408,0.352,0.36,0.411,0.359,0.064,0.349,0.241,0.202,0.281,0.337,0.381,0.362,0.431,0.208,0,0.319,0.21,0.274,0.181,0.375,0.442,0.322,0.347,0.351,0.441,0.238,0.277,0.369,0.35,0.323,0.298,0.342,0,0.358,0,0.242,0.349,0,0.239,0.357,0.411,0.302,0.352,0.347,0.613,0.359,0.412,0.407,0.316,0.352,0.35,0.22,0.2,0.359,0.35,0.425,0.304,0.148,0.373,0.341,0.26,0.343,0.347,0.383,0.321,0.343,0.392,0.314,0,0.29,0.36,0.483,0.324,0.057,0.313,0.292,0,0.247,0,0.179,0.192,0.356,0.441,0.367,0.305
12/3/1980,0.32,0.344,0.478,0.4,0,0.461,0.37,0.323,0.313,0.403,0.435,0,0.447,0,0.409,0.386,0.372,0.336,0.407,0.371,0.345,0.385,0.332,0.63,0.408,0.313,0.371,0.37,0.528,0.27,0.515,0.329,0.291,0.31,0.383,0.409,0.421,0.303,0.342,0.494,0.443,0.336,0.324,0.491,0.354,0.299,0.327,0.367,0,0.347,0.49,0.372,0.362,0,0.338,0.356,0.418,0.295,0.31,0.351,0.753,0.353,0.455,0.372,0.298,0.367,0.372,0.313,0.351,0.346,0.338,0.425,0.293,0.408,0.394,0.339,0.282,0.409,0.328,0.359,0.372,0.327,0.393,0.354,0.216,0.327,0.393,0.408,0.31,0.187,0.314,0.331,0,0.43,0,0.354,0.293,0.342,0.459,0.352,0.33
12/4/1980,0.3312,0.347,0.471,0.361,0.279,0.434,0.393,0.317,0.287,0.4,0.418,0,0.438,0,0.405,0.384,0.353,0.308,0.387,0.36,0.566,0.358,0.375,0.705,0.431,0.289,0.356,0.369,0.519,0.308,0.742,0.315,0.349,0.313,0.586,0.381,0.403,0.284,0.33,0.501,0.426,0.37,0.336,0.554,0.345,0.273,0.314,0.387,0,0.325,0.606,0.445,0.345,0,0.358,0.347,0.4,0.287,0.286,0.347,0.721,0.349,0.415,0.346,0.284,0.327,0.38,0.376,0.376,0.335,0.331,0.428,0.284,0.496,0.351,0.328,0.356,0.403,0.303,0.336,0.373,0.311,0.397,0.356,0.378,0.345,0.359,0.362,0.314,0.31,0.304,0.333,0,0.419,0,0.384,0.314,0.327,0.453,0.346,0.342
12/5/1980,0.3357,0.332,0.465,0.343,0.106,0.356,0.391,0.331,0.286,0.4,0.435,0,0.411,0,0.406,0.387,0.336,0.304,0.372,0.346,0.503,0.336,0.349,0.538,0.398,0.29,0.352,0.353,0.504,0.291,0.062,0.301,0.355,0.305,0.606,0.36,0.405,0.283,0.319,0.456,0.418,0.338,0.314,0.541,0.337,0.269,0.296,0.391,0,0.316,0.343,0.422,0.336,0,0.336,0.337,0.384,0.28,0.297,0.338,0.699,0.343,0.382,0.346,0.28,0.321,0.379,0.381,0.324,0.332,0.334,0.436,0.289,0.423,0.334,0.32,0.4,0.381,0.306,0.34,0.361,0.309,0.395,0.338,0.35,0.33,0.336,0.372,0.314,0.313,0.295,0.308,0,0.344,0,0.336,0.291,0.323,0.439,0.349,0.332
12/6/1980,0.3334,0.331,0.471,0.315,0.121,0.329,0.382,0.341,0.277,0.394,0.419,0,0.398,0,0.396,0.38,0.322,0.293,0.357,0.322,0.497,0.313,0.339,0.462,0.382,0.281,0.34,0.339,0.5,0.289,0,0.291,0.388,0.312,0.691,0.344,0.389,0.274,0.308,0.426,0.395,0.327,0.298,0.58,0.325,0.262,0.291,0.401,0,0.305,0.24,0.422,0.321,0,0.337,0.322,0.356,0.276,0.294,0.323,0.684,0.332,0.346,0.334,0.27,0.317,0.378,0.426,0.301,0.334,0.336,0.435,0.283,0.415,0.316,0.316,0.446,0.365,0.299,0.347,0.349,0.299,0.396,0.331,0.375,0.332,0.314,0.363,0.31,0.366,0.289,0.289,0,0.317,0.052,0.332,0.297,0.32,0.421,0.342,0.326
12/7/1980,0.3133,0.323,0.46,0.299,0.028,0.32,0.365,0.346,0.274,0.39,0.411,0,0.383,0,0.39,0.372,0.317,0.29,0.348,0.304,0.439,0.299,0.316,0.404,0.364,0.277,0.333,0.33,0.485,0.271,0,0.284,0.391,0.309,0.702,0.329,0.377,0.269,0.301,0.387,0.379,0.307,0.285,0.589,0.316,0.262,0.287,0.402,0,0.297,0.168,0.406,0.311,0,0.334,0.31,0.337,0.275,0.295,0.314,0.663,0.324,0.317,0.33,0.263,0.324,0.373,0.447,0.278,0.337,0.34,0.433,0.279,0.388,0.31,0.313,0.461,0.352,0.296,0.355,0.337,0.293,0.392,0.321,0.335,0.323,0.303,0.365,0.304,0.373,0.287,0.272,0,0.304,0.049,0.32,0.293,0.319,0.405,0.336,0.317
12/8/1980,0.2999,0.32,0.45,0.286,0,0.314,0.349,0.347,0.27,0.385,0.4,0,0.375,0,0.383,0.359,0.311,0.286,0.342,0.29,0.399,0.289,0.301,0.365,0.348,0.272,0.327,0.323,0.469,0.259,0,0.278,0.395,0.308,0.701,0.319,0.367,0.265,0.296,0.359,0.368,0.296,0.276,0.588,0.308,0.261,0.287,0.401,0,0.292,0.146,0.391,0.302,0,0.334,0.302,0.324,0.274,0.294,0.306,0.646,0.316,0.298,0.327,0.257,0.322,0.368,0.457,0.264,0.338,0.339,0.426,0.271,0.375,0.304,0.312,0.463,0.341,0.289,0.357,0.325,0.288,0.388,0.314,0.305,0.317,0.295,0.361,0.3,0.378,0.286,0.258,0,0.3,0.045,0.313,0.291,0.315,0.394,0.33,0.311
12/9/1980,0.2954,0.315,0.44,0.275,0,0.299,0.333,0.344,0.265,0.376,0.392,0,0.368,0,0.374,0.342,0.301,0.28,0.334,0.278,0.36,0.281,0.289,0.315,0.328,0.267,0.32,0.314,0.451,0.249,0,0.27,0.397,0.307,0.686,0.309,0.357,0.259,0.291,0.335,0.361,0.287,0.266,0.574,0.299,0.257,0.286,0.398,0,0.285,0.121,0.373,0.294,0,0.333,0.295,0.314,0.271,0.291,0.299,0.63,0.305,0.284,0.323,0.25,0.313,0.361,0.454,0.25,0.334,0.333,0.413,0.262,0.361,0.296,0.308,0.459,0.328,0.279,0.353,0.312,0.281,0.379,0.305,0.273,0.309,0.286,0.352,0.296,0.378,0.282,0.243,0,0.292,0.03,0.301,0.286,0.306,0.381,0.323,0.304
12/10/1980,0.2976,0.314,0.42,0.271,0,0.312,0.326,0.337,0.264,0.375,0.383,0,0.367,0,0.371,0.338,0.303,0.279,0.334,0.273,0.348,0.28,0.286,0.332,0.326,0.265,0.316,0.318,0.43,0.247,0,0.269,0.392,0.303,0.673,0.302,0.35,0.258,0.292,0.322,0.358,0.289,0.272,0.564,0.297,0.259,0.289,0.393,0,0.284,0.171,0.373,0.289,0,0.336,0.294,0.312,0.274,0.289,0.299,0.606,0.304,0.275,0.323,0.25,0.312,0.357,0.453,0.255,0.334,0.331,0.408,0.256,0.367,0.295,0.309,0.441,0.326,0.273,0.352,0.306,0.28,0.377,0.301,0.251,0.31,0.286,0.347,0.296,0.377,0.285,0.243,0,0.307,0.028,0.304,0.285,0.305,0.376,0.32,0.304
12/11/1980,0.2999,0.317,0.395,0.277,0.063,0.35,0.331,0.33,0.268,0.384,0.379,0,0.372,0,0.377,0.351,0.319,0.285,0.342,0.277,0.358,0.287,0.293,0.408,0.341,0.269,0.319,0.336,0.408,0.256,0,0.276,0.382,0.297,0.667,0.298,0.35,0.264,0.299,0.323,0.362,0.301,0.292,0.561,0.303,0.267,0.295,0.39,0,0.289,0.285,0.392,0.291,0,0.345,0.301,0.321,0.285,0.289,0.31,0.578,0.315,0.273,0.328,0.258,0.319,0.357,0.457,0.28,0.338,0.336,0.411,0.259,0.393,0.303,0.315,0.417,0.335,0.274,0.355,0.309,0.285,0.386,0.305,0.234,0.32,0.296,0.348,0.302,0.377,0.295,0.258,0,0.341,0.04,0.322,0.289,0.313,0.38,0.324,0.312
12/12/1980,0.3088,0.313,0.393,0.274,0.018,0.324,0.328,0.331,0.266,0.382,0.387,0,0.369,0,0.376,0.349,0.311,0.284,0.339,0.276,0.318,0.287,0.29,0.363,0.329,0.269,0.319,0.333,0.399,0.255,0,0.273,0.384,0.299,0.649,0.297,0.354,0.265,0.3,0.312,0.366,0.299,0.286,0.542,0.304,0.263,0.294,0.389,0,0.289,0.244,0.38,0.291,0,0.342,0.302,0.323,0.285,0.29,0.311,0.57,0.312,0.272,0.331,0.258,0.307,0.356,0.443,0.272,0.333,0.334,0.408,0.258,0.375,0.297,0.314,0.415,0.329,0.273,0.347,0.307,0.285,0.382,0.3,0.205,0.317,0.291,0.343,0.305,0.37,0.292,0.254,0,0.324,0.008,0.309,0.284,0.305,0.374,0.326,0.31
12/13/1980,0.3088,0.311,0.383,0.273,0.029,0.325,0.326,0.329,0.265,0.382,0.388,0,0.367,0,0.375,0.35,0.31,0.283,0.338,0.276,0.3,0.288,0.291,0.371,0.33,0.269,0.318,0.335,0.389,0.256,0,0.273,0.382,0.298,0.64,0.295,0.354,0.266,0.301,0.308,0.366,0.301,0.288,0.537,0.304,0.262,0.294,0.386,0,0.289,0.265,0.381,0.29,0,0.342,0.303,0.325,0.287,0.289,0.312,0.558,0.312,0.271,0.332,0.258,0.302,0.354,0.439,0.275,0.329,0.333,0.406,0.258,0.374,0.295,0.315,0.405,0.327,0.272,0.343,0.306,0.286,0.38,0.297,0.184,0.317,0.291,0.339,0.307,0.365,0.292,0.256,0,0.327,0,0.309,0.283,0.303,0.371,0.327,0.309
12/14/1980,0.3088,0.307,0.378,0.271,0.01,0.314,0.323,0.329,0.262,0.38,0.391,0,0.363,0,0.374,0.349,0.305,0.282,0.335,0.274,0.273,0.287,0.288,0.354,0.325,0.268,0.316,0.332,0.381,0.254,0,0.27,0.381,0.297,0.628,0.294,0.354,0.266,0.3,0.301,0.366,0.3,0.285,0.526,0.303,0.259,0.293,0.384,0,0.287,0.253,0.374,0.289,0,0.34,0.301,0.326,0.287,0.288,0.312,0.549,0.309,0.269,0.331,0.257,0.295,0.351,0.431,0.272,0.325,0.33,0.403,0.257,0.364,0.29,0.314,0.399,0.322,0.27,0.337,0.304,0.285,0.376,0.292,0.161,0.314,0.287,0.334,0.308,0.359,0.29,0.255,0,0.321,0,0.303,0.28,0.298,0.366,0.327,0.306
12/15/1980,0.3088,0.307,0.355,0.276,0.106,0.345,0.328,0.325,0.264,0.386,0.387,0,0.364,0,0.377,0.363,0.318,0.286,0.342,0.279,0.279,0.292,0.296,0.43,0.342,0.271,0.319,0.347,0.365,0.262,0,0.276,0.368,0.292,0.625,0.292,0.354,0.27,0.305,0.306,0.368,0.31,0.301,0.527,0.308,0.264,0.296,0.38,0,0.291,0.355,0.393,0.29,0,0.345,0.306,0.334,0.295,0.286,0.32,0.524,0.318,0.269,0.333,0.263,0.301,0.35,0.436,0.293,0.326,0.335,0.407,0.261,0.39,0.295,0.318,0.381,0.33,0.273,0.338,0.309,0.289,0.384,0.297,0.143,0.321,0.294,0.333,0.312,0.356,0.297,0.27,0,0.346,0,0.319,0.285,0.305,0.37,0.33,0.311
12/16/1980,0.3111,0.304,0.348,0.276,0.105,0.333,0.331,0.327,0.263,0.387,0.393,0,0.361,0,0.378,0.367,0.316,0.286,0.341,0.282,0.251,0.293,0.297,0.422,0.34,0.272,0.32,0.349,0.359,0.264,0,0.275,0.364,0.292,0.613,0.293,0.358,0.272,0.307,0.303,0.372,0.311,0.301,0.514,0.311,0.262,0.294,0.379,0,0.291,0.352,0.39,0.291,0,0.343,0.308,0.338,0.297,0.286,0.322,0.514,0.319,0.272,0.335,0.264,0.294,0.35,0.428,0.293,0.322,0.335,0.406,0.264,0.389,0.291,0.32,0.378,0.328,0.274,0.333,0.31,0.29,0.385,0.296,0.115,0.32,0.292,0.331,0.314,0.349,0.296,0.272,0,0.338,0,0.313,0.283,0.303,0.369,0.333,0.311
12/17/1980,0.3133,0.303,0.339,0.277,0.134,0.335,0.334,0.327,0.262,0.387,0.394,0,0.359,0,0.378,0.372,0.318,0.287,0.342,0.284,0.237,0.294,0.3,0.44,0.343,0.272,0.321,0.353,0.353,0.267,0,0.276,0.357,0.292,0.607,0.293,0.359,0.273,0.309,0.304,0.373,0.315,0.303,0.51,0.313,0.261,0.294,0.377,0,0.291,0.379,0.394,0.292,0,0.344,0.309,0.341,0.299,0.285,0.325,0.502,0.321,0.274,0.335,0.265,0.291,0.349,0.427,0.299,0.32,0.335,0.406,0.266,0.397,0.29,0.321,0.373,0.329,0.274,0.329,0.312,0.291,0.386,0.298,0.093,0.32,0.292,0.328,0.315,0.345,0.296,0.277,0,0.34,0,0.315,0.284,0.303,0.37,0.335,0.311
12/18/1980,0.3155,0.299,0.34,0.274,0.098,0.316,0.331,0.328,0.259,0.384,0.397,0,0.355,0,0.374,0.368,0.311,0.284,0.338,0.282,0.206,0.292,0.298,0.409,0.335,0.27,0.319,0.347,0.352,0.266,0,0.273,0.357,0.293,0.596,0.293,0.36,0.271,0.306,0.299,0.372,0.311,0.296,0.5,0.311,0.257,0.291,0.376,0,0.289,0.341,0.384,0.29,0,0.339,0.307,0.34,0.296,0.284,0.322,0.5,0.317,0.275,0.335,0.262,0.283,0.347,0.419,0.291,0.315,0.332,0.402,0.265,0.387,0.285,0.319,0.375,0.324,0.273,0.324,0.31,0.29,0.382,0.294,0.069,0.316,0.286,0.324,0.314,0.339,0.291,0.273,0,0.325,0,0.306,0.28,0.298,0.365,0.334,0.308
12/19/1980,0.3021,0.295,0.345,0.27,0.044,0.297,0.324,0.328,0.255,0.378,0.397,0,0.349,0,0.368,0.36,0.301,0.28,0.332,0.277,0.176,0.289,0.292,0.368,0.325,0.267,0.315,0.337,0.352,0.261,0,0.268,0.358,0.294,0.588,0.292,0.358,0.268,0.302,0.292,0.368,0.305,0.287,0.492,0.307,0.251,0.287,0.374,0,0.285,0.289,0.371,0.287,0,0.334,0.303,0.334,0.292,0.283,0.316,0.504,0.309,0.273,0.332,0.257,0.275,0.344,0.412,0.278,0.309,0.326,0.396,0.263,0.371,0.28,0.315,0.378,0.316,0.27,0.319,0.307,0.286,0.375,0.287,0.052,0.31,0.279,0.319,0.311,0.336,0.285,0.266,0,0.31,0,0.296,0.276,0.291,0.357,0.332,0.303
12/20/1980,0.2954,0.291,0.344,0.266,0.014,0.29,0.317,0.327,0.252,0.373,0.394,0,0.344,0,0.363,0.354,0.296,0.276,0.326,0.273,0.157,0.285,0.287,0.348,0.319,0.264,0.311,0.331,0.35,0.256,0,0.265,0.358,0.293,0.584,0.289,0.355,0.265,0.298,0.286,0.363,0.3,0.281,0.486,0.303,0.248,0.284,0.372,0,0.282,0.265,0.363,0.284,0,0.331,0.299,0.329,0.289,0.282,0.311,0.502,0.304,0.269,0.329,0.253,0.272,0.34,0.408,0.271,0.305,0.322,0.391,0.26,0.363,0.277,0.313,0.377,0.311,0.267,0.317,0.303,0.283,0.37,0.282,0.039,0.306,0.275,0.315,0.309,0.334,0.282,0.262,0,0.305,0,0.291,0.273,0.287,0.351,0.328,0.298
12/21/1980,0.2954,0.286,0.322,0.268,0.045,0.309,0.314,0.321,0.252,0.372,0.385,0,0.338,0,0.36,0.358,0.302,0.276,0.326,0.271,0.144,0.284,0.285,0.388,0.326,0.264,0.308,0.334,0.335,0.254,0,0.265,0.34,0.284,0.572,0.284,0.349,0.265,0.298,0.282,0.357,0.3,0.286,0.476,0.301,0.25,0.281,0.365,0,0.281,0.316,0.367,0.281,0,0.327,0.296,0.328,0.291,0.278,0.312,0.48,0.303,0.264,0.326,0.253,0.277,0.335,0.406,0.279,0.303,0.32,0.388,0.259,0.371,0.279,0.311,0.36,0.311,0.266,0.317,0.301,0.282,0.371,0.28,0.008,0.304,0.277,0.312,0.307,0.323,0.283,0.267,0,0.319,0,0.296,0.271,0.289,0.348,0.326,0.296
12/22/1980,0.2976,0.273,0.249,0.334,0,0.329,0.31,0.312,0.287,0.386,0.424,0,0.338,0,0.375,0.385,0.337,0.317,0.365,0.309,0,0.324,0.234,0.33,0.299,0.299,0.34,0.353,0.304,0.21,0,0.288,0.21,0.256,0.262,0.306,0.386,0.293,0.328,0.246,0.405,0.265,0.289,0.332,0.322,0.284,0.296,0.333,0,0.321,0.191,0.278,0.305,0,0.277,0.325,0.362,0.304,0.31,0.331,0.442,0.326,0.323,0.369,0.289,0.324,0.325,0.284,0.24,0.323,0.333,0.38,0.278,0.238,0.331,0.318,0.25,0.325,0.309,0.343,0.298,0.313,0.376,0.284,0,0.282,0.308,0.393,0.32,0.12,0.302,0.277,0,0.324,0,0.238,0.231,0.317,0.382,0.342,0.285
12/23/1980,0.3021,0.301,0.344,0.307,0,0.343,0.329,0.3,0.26,0.365,0.385,0,0.368,0,0.357,0.346,0.314,0.287,0.347,0.304,0.195,0.317,0.304,0.457,0.341,0.27,0.321,0.337,0.376,0.266,0,0.278,0.312,0.293,0.466,0.323,0.359,0.267,0.311,0.34,0.384,0.328,0.293,0.441,0.312,0.254,0.3,0.361,0,0.299,0.426,0.351,0.3,0,0.33,0.314,0.348,0.283,0.273,0.32,0.545,0.308,0.337,0.334,0.267,0.286,0.341,0.356,0.299,0.31,0.311,0.37,0.256,0.409,0.306,0.31,0.317,0.338,0.271,0.311,0.313,0.29,0.369,0.299,0.005,0.305,0.297,0.329,0.305,0.273,0.282,0.28,0,0.354,0,0.314,0.286,0.297,0.382,0.323,0.301
12/24/1980,0.3088,0.3,0.341,0.295,0.098,0.325,0.337,0.303,0.254,0.363,0.385,0,0.364,0,0.356,0.351,0.308,0.28,0.342,0.301,0.241,0.306,0.312,0.46,0.342,0.266,0.316,0.337,0.372,0.275,0,0.273,0.322,0.29,0.51,0.313,0.355,0.264,0.306,0.342,0.379,0.329,0.294,0.455,0.311,0.247,0.292,0.364,0,0.293,0.424,0.367,0.295,0,0.331,0.311,0.347,0.28,0.269,0.319,0.529,0.308,0.324,0.328,0.263,0.274,0.342,0.371,0.3,0.303,0.31,0.373,0.256,0.425,0.293,0.31,0.337,0.334,0.267,0.304,0.312,0.287,0.37,0.299,0.034,0.308,0.287,0.318,0.304,0.299,0.277,0.279,0,0.339,0,0.313,0.284,0.291,0.38,0.322,0.303
12/25/1980,0.3155,0.3,0.303,0.336,0,0.36,0.347,0.308,0.279,0.379,0.419,0,0.373,0,0.375,0.382,0.338,0.309,0.373,0.332,0.154,0.34,0.295,0.49,0.347,0.291,0.342,0.359,0.366,0.258,0.227,0.292,0.248,0.28,0.341,0.333,0.384,0.285,0.329,0.337,0.417,0.317,0.306,0.403,0.331,0.271,0.309,0.351,0,0.32,0.436,0.334,0.316,0,0.319,0.335,0.378,0.294,0.291,0.338,0.514,0.332,0.368,0.357,0.286,0.311,0.345,0.324,0.299,0.318,0.33,0.381,0.276,0.375,0.332,0.322,0.284,0.36,0.298,0.322,0.322,0.311,0.385,0.315,0,0.303,0.318,0.361,0.315,0.182,0.294,0.295,0,0.362,0,0.301,0.275,0.316,0.414,0.338,0.302
12/26/1980,0.329,0.324,0.353,0.333,0.184,0.396,0.375,0.312,0.274,0.382,0.406,0,0.401,0,0.38,0.385,0.346,0.303,0.378,0.344,0.339,0.348,0.347,0.63,0.391,0.284,0.345,0.37,0.411,0.301,0.737,0.299,0.299,0.305,0.46,0.353,0.383,0.28,0.333,0.404,0.418,0.363,0.326,0.488,0.338,0.264,0.322,0.371,0,0.319,0.639,0.397,0.322,0,0.357,0.342,0.385,0.296,0.276,0.346,0.564,0.341,0.389,0.346,0.286,0.305,0.364,0.381,0.353,0.319,0.332,0.392,0.276,0.492,0.331,0.329,0.323,0.383,0.288,0.316,0.343,0.31,0.397,0.342,0.042,0.329,0.325,0.334,0.318,0.264,0.296,0.317,0,0.399,0,0.358,0.316,0.322,0.431,0.34,0.322
12/27/1980,0.3312,0.337,0.375,0.32,0.406,0.382,0.397,0.324,0.269,0.391,0.408,0,0.408,0,0.389,0.399,0.346,0.299,0.378,0.346,0.44,0.337,0.372,0.657,0.404,0.282,0.347,0.38,0.425,0.326,0.867,0.301,0.337,0.317,0.562,0.352,0.385,0.279,0.333,0.426,0.418,0.377,0.336,0.542,0.343,0.26,0.323,0.387,0,0.316,0.665,0.439,0.321,0,0.371,0.345,0.389,0.3,0.271,0.351,0.568,0.352,0.382,0.339,0.286,0.295,0.375,0.423,0.367,0.319,0.338,0.406,0.28,0.54,0.316,0.336,0.369,0.384,0.285,0.314,0.35,0.311,0.408,0.354,0.134,0.348,0.316,0.323,0.323,0.328,0.297,0.325,0,0.387,0,0.371,0.328,0.325,0.435,0.347,0.334
12/28/1980,0.329,0.341,0.379,0.312,0.483,0.375,0.408,0.335,0.27,0.4,0.413,0,0.406,0,0.396,0.413,0.35,0.3,0.38,0.343,0.459,0.33,0.375,0.663,0.407,0.284,0.35,0.39,0.423,0.333,0.82,0.303,0.35,0.321,0.615,0.346,0.39,0.282,0.335,0.423,0.416,0.374,0.339,0.573,0.348,0.262,0.323,0.396,0,0.316,0.655,0.46,0.32,0,0.376,0.346,0.389,0.307,0.273,0.355,0.554,0.36,0.369,0.339,0.289,0.297,0.382,0.452,0.369,0.321,0.348,0.42,0.287,0.55,0.31,0.342,0.395,0.384,0.288,0.319,0.355,0.314,0.418,0.36,0.153,0.357,0.311,0.323,0.325,0.356,0.299,0.329,0,0.376,0.003,0.373,0.332,0.331,0.434,0.355,0.341
12/29/1980,0.3088,0.33,0.395,0.298,0.259,0.312,0.389,0.341,0.267,0.393,0.421,0,0.387,0,0.388,0.395,0.326,0.295,0.364,0.324,0.37,0.317,0.342,0.504,0.367,0.281,0.343,0.366,0.422,0.308,0.177,0.291,0.359,0.319,0.607,0.334,0.391,0.278,0.324,0.382,0.403,0.342,0.308,0.558,0.338,0.254,0.309,0.397,0,0.308,0.43,0.421,0.313,0,0.356,0.335,0.369,0.298,0.284,0.341,0.563,0.344,0.347,0.341,0.279,0.283,0.377,0.439,0.318,0.317,0.344,0.417,0.285,0.473,0.298,0.332,0.414,0.363,0.287,0.317,0.345,0.309,0.406,0.34,0.12,0.341,0.295,0.333,0.316,0.349,0.287,0.302,0,0.318,0,0.33,0.311,0.318,0.412,0.354,0.33
12/30/1980,0.3088,0.328,0.386,0.295,0.248,0.334,0.376,0.336,0.267,0.391,0.405,0,0.38,0,0.382,0.393,0.331,0.294,0.361,0.311,0.364,0.314,0.33,0.519,0.371,0.279,0.337,0.363,0.412,0.298,0.025,0.289,0.355,0.311,0.623,0.323,0.382,0.276,0.32,0.367,0.387,0.333,0.308,0.573,0.331,0.257,0.305,0.395,0,0.304,0.434,0.424,0.307,0,0.353,0.326,0.356,0.299,0.285,0.337,0.551,0.339,0.33,0.338,0.275,0.295,0.371,0.454,0.317,0.32,0.345,0.418,0.281,0.465,0.303,0.329,0.406,0.361,0.286,0.328,0.34,0.305,0.406,0.334,0.114,0.339,0.297,0.336,0.311,0.355,0.288,0.301,0,0.332,0,0.336,0.31,0.322,0.402,0.349,0.327
12/31/1980,0.3155,0.322,0.371,0.291,0.245,0.342,0.366,0.331,0.265,0.387,0.394,0,0.372,0,0.375,0.39,0.332,0.291,0.356,0.303,0.334,0.31,0.321,0.525,0.368,0.276,0.331,0.361,0.397,0.29,0,0.285,0.347,0.303,0.62,0.314,0.374,0.274,0.316,0.352,0.377,0.327,0.305,0.565,0.325,0.258,0.301,0.39,0,0.301,0.445,0.421,0.301,0,0.349,0.32,0.348,0.299,0.283,0.333,0.532,0.333,0.316,0.335,0.272,0.297,0.365,0.455,0.316,0.318,0.342,0.414,0.277,0.46,0.302,0.326,0.394,0.357,0.283,0.328,0.335,0.301,0.403,0.328,0.087,0.336,0.296,0.332,0.306,0.352,0.287,0.3,0,0.338,0,0.334,0.304,0.32,0.393,0.345,0.323
